META	SCAN_START_UTC	2026-07-16T19:31:44Z
PARENT	125253808	/Users/jleechan/projects
PARENT	89702360	/Users/jleechan/Library
PARENT	37375540	/Users/jleechan/.colima
PARENT	30291100	/Users/jleechan/.codex
PARENT	24306848	/Users/jleechan/.gemini
PARENT	20112244	/Users/jleechan/dk2d_evidence
PARENT	18694228	/Users/jleechan/.worktrees
PARENT	17915564	/Users/jleechan/projects_other
PARENT	15841028	/Users/jleechan/.hermes
PARENT	14430516	/Users/jleechan/Pictures
PARENT	13570724	/Users/jleechan/project_worldaiclaw
PARENT	11727844	/Users/jleechan/projects_reference
PARENT	10395180	/Users/jleechan/.local
PARENT	9621736	/Users/jleechan/.claude
PARENT	8165504	/Users/jleechan/.ao
PARENT	6629744	/Users/jleechan/repos
PARENT	5898376	/Users/jleechan/.nvm
PARENT	5271144	/Users/jleechan/.lima
OK	8	/Users/jleechan/projects/procedures
OK	1816	/Users/jleechan/projects/airbnb-clone-case-study
OK	1044	/Users/jleechan/projects/misc
OK	1100	/Users/jleechan/projects/ai_dev_recs
OK	271916	/Users/jleechan/projects/ezgha-fix-gh-auth-ok
OK	235832	/Users/jleechan/projects/wa_pr_4365_redo
OK	595192	/Users/jleechan/projects/workshop
OK	4	/Users/jleechan/projects/.cursor
OK	0	/Users/jleechan/projects/claude-commands
OK	305752	/Users/jleechan/projects/worktree_runner_8270
OK	310156	/Users/jleechan/projects/_wf8292contenthash
OK	329636	/Users/jleechan/projects/_wt8292fix
OK	305672	/Users/jleechan/projects/worktree_aemond-scene149
OK	85512	/Users/jleechan/projects/worldarchitect.ai-wt-pr-5942
OK	4964	/Users/jleechan/projects/df_iso
OK	458556	/Users/jleechan/projects/worktree_lvl_clean_flags
OK	346100	/Users/jleechan/projects/wa-6884
OK	85536	/Users/jleechan/projects/worldarchitect_codex_mem0_hooks
OK	312160	/Users/jleechan/projects/worktree_7886_fix
OK	61596	/Users/jleechan/projects/worldai-claw-wiki-public
OK	265940	/Users/jleechan/projects/worldarchitect.ai-pr-5762
OK	4	/Users/jleechan/projects/artifacts
OK	140772	/Users/jleechan/projects/attractorbench
OK	128512	/Users/jleechan/projects/gbrain
OK	300248	/Users/jleechan/projects/worktree_misc423432
OK	1053736	/Users/jleechan/projects/worktree_pr8271
OK	1136	/Users/jleechan/projects/worktree_pr8187_gategate_log.txt
OK	1084244	/Users/jleechan/projects/wt-8276-fix
OK	48	/Users/jleechan/projects/.claude-skills-backup
OK	16	/Users/jleechan/projects/worktree_fable_wa_rollup.jsonl
OK	4	/Users/jleechan/projects/scratchpad_er8054.md
OK	85644	/Users/jleechan/projects/wa-pr5991
OK	4	/Users/jleechan/projects/staging
OK	347372	/Users/jleechan/projects/worktree_rewards_8020_v2
OK	20	/Users/jleechan/projects/docker
OK	0	/Users/jleechan/projects/subagents
OK	16	/Users/jleechan/projects/discord-eng-bot
OK	48	/Users/jleechan/projects/claude-commands.stale-20260714-120749
OK	310404	/Users/jleechan/projects/provenance-narrow-tdd-fixes
OK	319140	/Users/jleechan/projects/_wt8265fix
OK	8	/Users/jleechan/projects/.DS_Store
OK	1236516	/Users/jleechan/projects/worldarchitect.ai.worktrees
OK	1063480	/Users/jleechan/projects/pr8352-evidence-refresh-20260716
OK	300376	/Users/jleechan/projects/worktree_runner_clean
OK	28780	/Users/jleechan/projects/smartclaw-fix-26
OK	296	/Users/jleechan/projects/ai_universe_lite-docs
OK	16	/Users/jleechan/projects/memory
OK	401392	/Users/jleechan/projects/worktree_implicit_cache
OK	306032	/Users/jleechan/projects/worktree_8397_scene_466_dupe
OK	152448	/Users/jleechan/projects/pr6705-evidence
OK	85776	/Users/jleechan/projects/ao6177-rebase
OK	6900	/Users/jleechan/projects/merge_train.worktrees
OK	67512	/Users/jleechan/projects/copilot_comparison
OK	270604	/Users/jleechan/projects/worldarchitect.ai-ratchet
OK	312796	/Users/jleechan/projects/worktree_lw_readshim
OK	3508	/Users/jleechan/projects/browserclaw
OK	262264	/Users/jleechan/projects/wt_revert_7064
OK	1086652	/Users/jleechan/projects/pr8292-conflict-spark-20260716-a
OK	40	/Users/jleechan/projects/openclaw
OK	320212	/Users/jleechan/projects/worktree_pr8286_er_20260713T000115Z
OK	149592	/Users/jleechan/projects/alexiel-3d-rpg
OK	68	/Users/jleechan/projects/.pytest_cache
OK	320052	/Users/jleechan/projects/worktree_systi_combat_lite
OK	92892	/Users/jleechan/projects/worldai_claw_agento
OK	12816	/Users/jleechan/projects/worktree_callpath_overlay
OK	5260	/Users/jleechan/projects/worktree-dark-factory-p4
OK	76	/Users/jleechan/projects/papers
OK	376820	/Users/jleechan/projects/worktree_fable_wa
OK	12	/Users/jleechan/projects/symphony
OK	1292	/Users/jleechan/projects/steipete-agent-scripts
OK	7284	/Users/jleechan/projects/autowiki
OK	572	/Users/jleechan/projects/roadmap
OK	0	/Users/jleechan/projects/agy-test-subdir
OK	4	/Users/jleechan/projects/specs
OK	4	/Users/jleechan/projects/.clawhub
OK	335084	/Users/jleechan/projects/provenance-narrow
OK	674384	/Users/jleechan/projects/worktree_fable_bugs
OK	321484	/Users/jleechan/projects/worktree_pr8036_spark
OK	8	/Users/jleechan/projects/systemd
OK	36492	/Users/jleechan/projects/mcp_mail_repro_v2
OK	322340	/Users/jleechan/projects/worktree_bq_schema_fix
OK	0	/Users/jleechan/projects/openclaw-rehome
OK	310104	/Users/jleechan/projects/worktree_pr8286_prefx_20260713T000115Z
OK	148	/Users/jleechan/projects/claude-skillify
OK	307640	/Users/jleechan/projects/worktree_spell_green
OK	0	/Users/jleechan/projects/IDENTITY.md
OK	300124	/Users/jleechan/projects/wa-concurrency-groups-v2
OK	767488	/Users/jleechan/projects/ai_universe_living_blog
OK	66520	/Users/jleechan/projects/ai_universe_lite
OK	301876	/Users/jleechan/projects/worktree_spell_red
OK	393952	/Users/jleechan/projects/worktree_shy_campaign
OK	304528	/Users/jleechan/projects/worktree_test_class_order
OK	304304	/Users/jleechan/projects/wt-npc-propagate-repro
OK	40768	/Users/jleechan/projects/ao481
OK	4	/Users/jleechan/projects/worktree_fable_wa_checkruns.tsv
OK	348	/Users/jleechan/projects/workspace
OK	0	/Users/jleechan/projects/mcp_mail
OK	57716	/Users/jleechan/projects/ao-bd-l5ty
OK	95048	/Users/jleechan/projects/hermes-agent-pr-27
OK	1051436	/Users/jleechan/projects/worktree_agy_gemini_simulator_mac
OK	12368	/Users/jleechan/projects/worktree_smoke_7888
OK	304756	/Users/jleechan/projects/worktree_fix-daughter-queen-8283
OK	12	/Users/jleechan/projects/worktree_fable_wa_pr8009.json
OK	24	/Users/jleechan/projects/skills-executive-assistant-config
OK	378072	/Users/jleechan/projects/worktree_daily_jobz
OK	1193384	/Users/jleechan/projects/jleechanclaw-real
OK	305768	/Users/jleechan/projects/lane-b-mvp-shard1
OK	5504	/Users/jleechan/projects/worktree-dark-factory-p1p2p3
OK	452	/Users/jleechan/projects/tests
OK	728	/Users/jleechan/projects/agent-skills
OK	621624	/Users/jleechan/projects/worktree_fable_bulk
OK	70720	/Users/jleechan/projects/checkpoints
OK	300124	/Users/jleechan/projects/wa-kill-polling
OK	456556	/Users/jleechan/projects/jleechan_skillbench
OK	311120	/Users/jleechan/projects/wa-remove-skeptic
OK	261192	/Users/jleechan/projects/ezgha-terminology-cleanup
OK	256	/Users/jleechan/projects/.claude
OK	328208	/Users/jleechan/projects/worktree_visenya-v8-stuck-lu
OK	238936	/Users/jleechan/projects/worldai_archive_round2
OK	56	/Users/jleechan/projects/agents
OK	325092	/Users/jleechan/projects/worktree_pr8292_spark_wave2
OK	319320	/Users/jleechan/projects/worktree_runner_342423
OK	5424	/Users/jleechan/projects/worktree-dark-factory-p-a-wip-commit
OK	325112	/Users/jleechan/projects/worktree_pr8060_safe_merge
OK	0	/Users/jleechan/projects/HEARTBEAT.md
OK	36	/Users/jleechan/projects/workspace-monitor
OK	274160	/Users/jleechan/projects/ezgha-add-diagrams
OK	5364	/Users/jleechan/projects/.beads
OK	322524	/Users/jleechan/projects/worktree_pr8328_spark_laneb
OK	305192	/Users/jleechan/projects/worktree_fable_bugs_wt-pr8266-fix
OK	128708	/Users/jleechan/projects/worldarchitect-ai-loc-doc
OK	262996	/Users/jleechan/projects/wt-7428-red-run
OK	264852	/Users/jleechan/projects/tracker
OK	100832	/Users/jleechan/projects/docs
OK	332428	/Users/jleechan/projects/worktree_lw_stamp
OK	300124	/Users/jleechan/projects/wa-fix-bead-jsonl-sort
OK	300376	/Users/jleechan/projects/worktree_pr_7888
OK	310176	/Users/jleechan/projects/worktree_pr8286_synthetic_red_20260713T000115Z
OK	305076	/Users/jleechan/projects/godmode-xp-scope
OK	312948	/Users/jleechan/projects/worktree_divine_prompts_fix
OK	8664	/Users/jleechan/projects/claude_commands_pr_253
OK	318772	/Users/jleechan/projects/pr8299-timestamp-regression-tests
OK	100	/Users/jleechan/projects/extensions
OK	142700	/Users/jleechan/projects/wa-debug-grok-investigation
OK	67608	/Users/jleechan/projects/gastown
OK	36992	/Users/jleechan/projects/smasher
OK	233184	/Users/jleechan/projects/wa-5654
OK	1055424	/Users/jleechan/projects/pr8265-rootcause-spark-20260716-a
OK	42580	/Users/jleechan/projects/merge_train
OK	108	/Users/jleechan/projects/testing_integration
OK	12360	/Users/jleechan/projects/worktree_launchd_af_tick
OK	320936	/Users/jleechan/projects/worktree_systi_spicy
OK	4	/Users/jleechan/projects/-Users-jleechan-projects-worktree-rag
OK	321404	/Users/jleechan/projects/worktree_w8290
OK	301744	/Users/jleechan/projects/worktree_faction_prompt_split_8054
OK	163668	/Users/jleechan/projects/pr6683-fix
OK	692	/Users/jleechan/projects/dot-github
OK	352404	/Users/jleechan/projects/worktree_fix_npc_status_anchor
OK	6363276	/Users/jleechan/projects/user_scope
OK	311172	/Users/jleechan/projects/_wf8328applymode
OK	378844	/Users/jleechan/projects/worktree_misc23423r23r2
OK	248800	/Users/jleechan/projects/worldai_archive
OK	36	/Users/jleechan/projects/webhook-receiver
OK	1060720	/Users/jleechan/projects/worktree_pr8286_evidence_owner_codex
OK	452	/Users/jleechan/projects/sessions
OK	0	/Users/jleechan/projects/MEMORY.md
OK	12	/Users/jleechan/projects/logs
OK	4	/Users/jleechan/projects/.openclaw
OK	44	/Users/jleechan/projects/ao_runner
OK	306032	/Users/jleechan/projects/wt-jacaerys-location-8390
OK	4	/Users/jleechan/projects/worldarchitect
OK	305248	/Users/jleechan/projects/worktree_faction_prompt_split
OK	160	/Users/jleechan/projects/worktree_fable_wa_checkruns.json
OK	5460	/Users/jleechan/projects/worktree-dark-factory-pb-c-uncommitted
OK	8	/Users/jleechan/projects/leet_code
OK	317076	/Users/jleechan/projects/worktree_directive_nextsteps
OK	32	/Users/jleechan/projects/claude-commands.preclone-20260401-235626
OK	8	/Users/jleechan/projects/worktree_spell_slots_scratch_review_body.txt
OK	299928	/Users/jleechan/projects/worktree_auth_clear
OK	323180	/Users/jleechan/projects/worktree_cache_util_harness_8046
OK	47116	/Users/jleechan/projects/mammoth
OK	4860	/Users/jleechan/projects/ezgha-fix-doctor-portable
OK	139132	/Users/jleechan/projects/dev-agent-workshop-starter
OK	238140	/Users/jleechan/projects/worldarchitect.ai-pr-5759
OK	76	/Users/jleechan/projects/slack-reminders-audit
OK	86580	/Users/jleechan/projects/test_fix
OK	604	/Users/jleechan/projects/attractor
OK	307000	/Users/jleechan/projects/worktree_rewards_box_8020
OK	270608	/Users/jleechan/projects/worldarchitect.ai-gate8-fix
OK	306008	/Users/jleechan/projects/worktree_signature_forbidden
OK	281676	/Users/jleechan/projects/upstream-hermes-agent
OK	17668	/Users/jleechan/projects/.openclaw-backups
OK	296548	/Users/jleechan/projects/worktree_repro_6IL5OTf3RpPrXA5yDu42
OK	4	/Users/jleechan/projects/scratch_retry.txt
OK	233612	/Users/jleechan/projects/worldarchitect.ai-pr-5625
OK	111944	/Users/jleechan/projects/smartclaw
OK	1296	/Users/jleechan/projects/scripts
OK	8248	/Users/jleechan/projects/claude_commands_pr245
OK	0	/Users/jleechan/projects/BOOTSTRAP.md
OK	410368	/Users/jleechan/projects/worktree_latency2342432
OK	311872	/Users/jleechan/projects/worktree_fable_tokens
OK	76	/Users/jleechan/projects/.github
OK	320524	/Users/jleechan/projects/worktrees
OK	310776	/Users/jleechan/projects/_wf8070fix
OK	313348	/Users/jleechan/projects/worktree_mobile_revert_auth
OK	141100	/Users/jleechan/projects/dark-factory-research
OK	87492	/Users/jleechan/projects/mctrl_test
OK	707880	/Users/jleechan/projects/.venv
OK	298056	/Users/jleechan/projects/worktree_repro_8160
OK	296548	/Users/jleechan/projects/worktree_repro_8103
OK	305056	/Users/jleechan/projects/worktree_repo_skills_20260711
OK	250292	/Users/jleechan/projects/wt_acceptance_baseline
OK	11264	/Users/jleechan/projects/wt-spec-5-reviews
OK	305356	/Users/jleechan/projects/worktree_fable_bugs_wt-pr8292-fix
OK	28	/Users/jleechan/projects/lib
OK	4	/Users/jleechan/projects/prompts
OK	318812	/Users/jleechan/projects/worktree_runner2322
OK	180	/Users/jleechan/projects/launchd
OK	1064408	/Users/jleechan/projects/wt-pr8286-fix-test-infra
OK	304	/Users/jleechan/projects/testing_llm
OK	8	/Users/jleechan/projects/worktree_fable_wa_checkruns.jsonl
OK	305828	/Users/jleechan/projects/worktree_bq_schema_fix_prefix_8351
OK	0	/Users/jleechan/projects/USER.md
OK	301320	/Users/jleechan/projects/worldarchitect.ai-wt-7993-cr
OK	1050484	/Users/jleechan/projects/worktree_pr8286_evidence_red_codex
OK	305052	/Users/jleechan/projects/test-timeout-fix
OK	1069828	/Users/jleechan/projects/pr8265-recovery-spark-20260716-b
OK	272380	/Users/jleechan/projects/ezgha-mac-master
OK	313032	/Users/jleechan/projects/worktree_fable_bugs_wt-pr8286
OK	311024	/Users/jleechan/projects/wa-heal-runners-flock
OK	844	/Users/jleechan/projects/ai_universe_lite-backend
OK	160	/Users/jleechan/projects/bug_reports
OK	128716	/Users/jleechan/projects/worldarchitect.ai-wt-codex-review
OK	0	/Users/jleechan/projects/SOUL.md
OK	11444	/Users/jleechan/projects/skills
OK	312600	/Users/jleechan/projects/worktree_fable_bugs_wt-pr8292
OK	554752	/Users/jleechan/projects/hermes-agent
OK	304668	/Users/jleechan/projects/worktree_pr_8123
OK	324260	/Users/jleechan/projects/worktree_pr8352_spark_wave3
OK	421368	/Users/jleechan/projects/worktree_integrity38345
OK	236832	/Users/jleechan/projects/agent-orchestrator-skeptic-wt
OK	0	/Users/jleechan/projects/AGENTS.md
OK	301292	/Users/jleechan/projects/worktree_pr7592-green
OK	229616	/Users/jleechan/projects/worldarchitect.ai-pr-5691
OK	1071720	/Users/jleechan/projects/pr8328-complexity-spark-20260716-b
OK	286216	/Users/jleechan/projects/ezgha-readme-arch
OK	132020	/Users/jleechan/projects/ai_universe_lite-ai-rpg
OK	300164	/Users/jleechan/projects/worktree_pr8071_green
OK	397772	/Users/jleechan/projects/worktree_systi
OK	12704	/Users/jleechan/projects/ao-fix-ci
OK	27256	/Users/jleechan/projects/agent-orchestrator-minimax-user-scope
OK	40748	/Users/jleechan/projects/ao485
OK	295512	/Users/jleechan/projects/worktree_integrate_post7912
OK	12	/Users/jleechan/projects/slack-later-audit-2026-07-14.md
OK	28	/Users/jleechan/projects/jleechanclaw
OK	941612	/Users/jleechan/projects/dark-factory-holdouts
OK	1744	/Users/jleechan/projects/agentloop-airbnb-clone
OK	43824	/Users/jleechan/projects/image-blaster
OK	302104	/Users/jleechan/projects/worktree_pagination_game
OK	12800	/Users/jleechan/projects/worktree_auto_factory
OK	1698208	/Users/jleechan/projects/ai_universe
OK	305172	/Users/jleechan/projects/worktree_8335_queen_dead
OK	224420	/Users/jleechan/projects/astropy
OK	20968	/Users/jleechan/projects/workshop_worldfair
OK	4476	/Users/jleechan/projects/brynary-attractor
OK	4	/Users/jleechan/projects/Downloads
OK	12	/Users/jleechan/projects/aiewf-workshop-test-guide
OK	289136	/Users/jleechan/projects/worktree_factory_lite_restore
OK	4	/Users/jleechan/projects/worldarchitect.ai.broken
OK	604388	/Users/jleechan/projects/agent-orchestrator
OK	2545308	/Users/jleechan/projects/dark-factory
OK	40	/Users/jleechan/projects/testing_mcp
OK	230388	/Users/jleechan/projects/ai_universe_lite-terraform
OK	32	/Users/jleechan/projects/agentloop-airbnb-clone-case-study
OK	28852	/Users/jleechan/projects/jleechanclaw-feat-social-poster
OK	986772	/Users/jleechan/projects/worktree_llm_ignore
OK	1115376	/Users/jleechan/projects/worldai_claw
OK	34036	/Users/jleechan/projects/worldarchitect-memory-backups
OK	310772	/Users/jleechan/projects/_wt8322fix
OK	316520	/Users/jleechan/projects/worktree_misc_234289h2
OK	1040408	/Users/jleechan/projects/worktree_pr8187
OK	304304	/Users/jleechan/projects/worktree_8293_hidden_gold
OK	289140	/Users/jleechan/projects/worktree_af_tick_refactor
OK	4	/Users/jleechan/projects/cron
OK	85504	/Users/jleechan/projects/worldarchitect_mem0_hooks
OK	323072	/Users/jleechan/projects/worktree_pr8265_spark
OK	323768	/Users/jleechan/projects/worktree_storymode_lite_reduce
OK	62012	/Users/jleechan/projects/kilroy
OK	296544	/Users/jleechan/projects/worktree_repro_8065
OK	285752	/Users/jleechan/projects/ezgha-fix-launchd-env
OK	40868	/Users/jleechan/projects/pr488-skeptic-fix
OK	0	/Users/jleechan/projects/TOOLS.md
OK	331672	/Users/jleechan/projects/worktree_bugz
OK	1065996	/Users/jleechan/projects/worktree_pr8292_evidence_remediation_20260712
OK	85532	/Users/jleechan/projects/worldarchitect_claw_bashrc_fix
OK	53516	/Users/jleechan/projects/ai_universe_frontend
OK	804	/Users/jleechan/projects/src
OK	0	/Users/jleechan/projects/tmp-skillify-test
OK	516	/Users/jleechan/projects/git-hooks-security
OK	5464	/Users/jleechan/Library/Assistant
OK	325364	/Users/jleechan/projects/_wf8328fix
OK	16	/Users/jleechan/Library/com.apple.appleaccountd
OK	0	/Users/jleechan/Library/Autosave Information
OK	16	/Users/jleechan/Library/.iphonems
OK	28248	/Users/jleechan/Library/IdentityServices
OK	313188	/Users/jleechan/projects/worktree_runner_optimization
OK	300808	/Users/jleechan/projects/wt-godmode-allow-all
OK	576376	/Users/jleechan/Library/WebKit
OK	2320	/Users/jleechan/Library/Calendars
OK	1052740	/Users/jleechan/projects/worktree_pr8292_red_evidence_20260712
OK	0	/Users/jleechan/Library/studentd
OK	0	/Users/jleechan/Library/PrivateCloudCompute
OK	3868	/Users/jleechan/Library/Preferences
OK	4	/Users/jleechan/Library/Spotlight
OK	26840	/Users/jleechan/Library/HomeKit
OK	42780	/Users/jleechan/Library/Keychains
OK	404	/Users/jleechan/Library/Sharing
OK	0	/Users/jleechan/Library/ColorPickers
OK	0	/Users/jleechan/Library/Application Scripts
OK	0	/Users/jleechan/Library/Assistants
OK	5576	/Users/jleechan/Library/com.apple.aiml.instrumentation
OK	176	/Users/jleechan/Library/Translation
OK	4628	/Users/jleechan/Library/Python
OK	0	/Users/jleechan/Library/.localized
OK	389356	/Users/jleechan/Library/Daemon Containers
OK	3155840	/Users/jleechan/Library/Developer
OK	0	/Users/jleechan/Library/Compositions
OK	0	/Users/jleechan/Library/GameKit
OK	14180	/Users/jleechan/Library/Google
OK	11568	/Users/jleechan/Library/Trial
OK	848	/Users/jleechan/Library/LanguageModeling
OK	0	/Users/jleechan/Library/Favorites
OK	16	/Users/jleechan/Library/PPM
OK	112	/Users/jleechan/Library/Contacts
OK	84	/Users/jleechan/Library/ResponseKit
OK	2548	/Users/jleechan/Library/homeenergyd
OK	42608	/Users/jleechan/Library/Passes
OK	7248	/Users/jleechan/Library/AppleMediaServices
OK	6080	/Users/jleechan/Library/iTunes
OK	604	/Users/jleechan/Library/com.apple.icloud.searchpartyd
OK	24	/Users/jleechan/Library/FontCollections
OK	424	/Users/jleechan/Library/Sounds
OK	216340	/Users/jleechan/Library/DuetExpertCenter
OK	92008	/Users/jleechan/Library/HTTPStorages
OK	140	/Users/jleechan/Library/com.apple.internal.ck
OK	0	/Users/jleechan/Library/Printers
OK	0	/Users/jleechan/Library/Audio
OK	176	/Users/jleechan/Library/org.swift.swiftpm
OK	0	/Users/jleechan/Library/Keyboard Layouts
OK	16	/Users/jleechan/Library/DataDeliveryServices
OK	160	/Users/jleechan/Library/com.apple.AppleMediaServices
OK	1304316	/Users/jleechan/projects/openclaw-docs
OK	0	/Users/jleechan/Library/Internet Plug-Ins
OK	716	/Users/jleechan/Library/FrontBoard
OK	432	/Users/jleechan/Library/News
OK	4056	/Users/jleechan/Library/Accounts
OK	14400	/Users/jleechan/Library/Safari
OK	0	/Users/jleechan/Library/Colors
OK	763204	/Users/jleechan/Library/Biome
OK	144452	/Users/jleechan/Library/IntelligencePlatform
OK	0	/Users/jleechan/Library/PreferencePanes
OK	10768	/Users/jleechan/Library/Shortcuts
OK	576	/Users/jleechan/Library/UnifiedAssetFramework
OK	8328	/Users/jleechan/Library/Dropbox
OK	3968	/Users/jleechan/Library/Mobile Documents
OK	5296	/Users/jleechan/Library/Finance
OK	18992	/Users/jleechan/Library/Suggestions
OK	3720	/Users/jleechan/Library/Weather
OK	572	/Users/jleechan/Library/LaunchAgents
OK	28	/Users/jleechan/Library/com.apple.bluetoothuser
OK	1390980	/Users/jleechan/Library/Logs
OK	1752600	/Users/jleechan/Library/Group Containers
OK	4	/Users/jleechan/Library/ContainerManager
OK	3376	/Users/jleechan/Library/Intents
OK	16600	/Users/jleechan/Library/PersonalizationPortrait
OK	333100	/Users/jleechan/Library/Photos
OK	0	/Users/jleechan/Library/Fonts
OK	4760	/Users/jleechan/Library/Accessibility
OK	280	/Users/jleechan/Library/KeyboardServices
OK	13900	/Users/jleechan/Library/Aside
OK	3481044	/Users/jleechan/Library/Metadata
OK	0	/Users/jleechan/Library/Screen Savers
OK	0	/Users/jleechan/Library/CallServices
OK	4	/Users/jleechan/Library/Spelling
OK	4	/Users/jleechan/Library/SafariSafeBrowsing
OK	0	/Users/jleechan/Library/FinanceBackup
OK	0	/Users/jleechan/Library/Input Methods
OK	0	/Users/jleechan/Library/Cookies
OK	0	/Users/jleechan/Library/Services
OK	3364	/Users/jleechan/Library/com.apple.bluetooth.services.cloud
OK	13376	/Users/jleechan/Library/com.apple.iTunesCloud
OK	28	/Users/jleechan/Library/CoreFollowUp
OK	17536	/Users/jleechan/Library/StatusKit
OK	212	/Users/jleechan/Library/DoNotDisturb
OK	12	/Users/jleechan/Library/LaunchAgents.disabled
OK	4	/Users/jleechan/Library/LockdownMode
OK	30085028	/Users/jleechan/Library/Messages
OK	37375380	/Users/jleechan/.colima/_lima
OK	0	/Users/jleechan/.colima/_templates
OK	20	/Users/jleechan/.colima/ci
OK	128	/Users/jleechan/.colima/default
OK	4	/Users/jleechan/.colima/ssh_config
OK	0	/Users/jleechan/.colima/docker.sock
OK	8	/Users/jleechan/.colima/_store
OK	880944	/Users/jleechan/.codex/logs_2.sqlite-wal
OK	7992	/Users/jleechan/.codex/vendor_imports
OK	32	/Users/jleechan/.codex/memories_1.sqlite-shm
OK	4	/Users/jleechan/.codex/version.json
OK	640	/Users/jleechan/.codex/logs_2.sqlite-shm
OK	129488	/Users/jleechan/.codex/context-mode
OK	324	/Users/jleechan/.codex/memories_1.sqlite-wal
OK	1944380	/Users/jleechan/.codex/sessions_archive
OK	4	/Users/jleechan/.codex/.personality_migration
OK	28172	/Users/jleechan/.codex/playwright-profile
OK	4	/Users/jleechan/.codex/config.toml.bak.20260313T001436
OK	4	/Users/jleechan/.codex/installation_id
OK	4	/Users/jleechan/.codex/stop-hook-dispatch.sh.bak
OK	12292	/Users/jleechan/.codex/cache
OK	2240	/Users/jleechan/.codex/generated_images
OK	3123308	/Users/jleechan/.codex/logs_2.sqlite
OK	340724	/Users/jleechan/.codex/plugins
OK	4	/Users/jleechan/.codex/config.json
OK	8	/Users/jleechan/.codex/ambient-suggestions
OK	228	/Users/jleechan/.codex/projects
OK	0	/Users/jleechan/.codex/history.db
OK	4	/Users/jleechan/.codex/cron_bash_env.sh
OK	12	/Users/jleechan/.codex/.codex-global-state.json.bak
OK	4	/Users/jleechan/.codex/stop-hook-dispatch.sh
OK	388	/Users/jleechan/.codex/agents
OK	80	/Users/jleechan/.codex/sqlite
OK	3136	/Users/jleechan/.codex/memories_1.sqlite
OK	3676	/Users/jleechan/.codex/archived_sessions
OK	12	/Users/jleechan/.codex/config.toml.bak.20260523T192255
OK	4	/Users/jleechan/.codex/config.toml.bak_20260210_fixpr
OK	4	/Users/jleechan/.codex/session_index.jsonl
OK	3080	/Users/jleechan/.codex/shell_snapshots
OK	4037532	/Users/jleechan/Library/pnpm
OK	4	/Users/jleechan/.codex/codexor.config.toml
OK	4	/Users/jleechan/.codex/internal_storage.json
OK	40	/Users/jleechan/.codex/hooks
OK	25192104	/Users/jleechan/Library/Application Support
OK	4	/Users/jleechan/.codex/hooks.json
OK	4	/Users/jleechan/.codex/rules
OK	8	/Users/jleechan/.codex/prompts
OK	4	/Users/jleechan/.codex/log
OK	4	/Users/jleechan/.codex/codexo.config.toml
OK	8	/Users/jleechan/.codex/auth.json
OK	12	/Users/jleechan/.codex/automations
OK	168	/Users/jleechan/.codex/models_cache.json
OK	16	/Users/jleechan/.codex/commands
OK	262992	/Users/jleechan/.codex/.tmp
OK	4	/Users/jleechan/.codex/config.toml.bak.20260312-121413
OK	4	/Users/jleechan/.codex/process_manager
OK	480	/Users/jleechan/.codex/skills
OK	24	/Users/jleechan/.codex/config.toml
OK	20	/Users/jleechan/.codex/config.toml.bak-mobile-login-slack-20260618204548
OK	40	/Users/jleechan/.codex/AGENTS.md
OK	2605440	/Users/jleechan/.codex/state_5.sqlite
OK	46444	/Users/jleechan/.codex/history.jsonl
OK	60988	/Users/jleechan/.codex/computer-use
OK	20	/Users/jleechan/.codex/attachments
OK	12	/Users/jleechan/.codex/.codex-global-state.json
OK	0	/Users/jleechan/.codex/tmp
OK	3768	/Users/jleechan/.codex/superpowers
OK	32	/Users/jleechan/.codex/goals_1.sqlite-shm
OK	8	/Users/jleechan/.codex/backups
OK	12	/Users/jleechan/.codex/config.toml.bak.20260518T100810
OK	34820	/Users/jleechan/.codex/state_5.sqlite-wal
OK	5444	/Users/jleechan/.codex/memories
OK	4100	/Users/jleechan/.codex/goals_1.sqlite-wal
OK	4	/Users/jleechan/.codex/chrome-native-hosts-v2.json
OK	56	/Users/jleechan/.codex/goals_1.sqlite
OK	32	/Users/jleechan/.codex/state_5.sqlite-shm
OK	0	/Users/jleechan/.gemini/google_accounts.json
OK	0	/Users/jleechan/.gemini/.gemini
OK	0	/Users/jleechan/.gemini/installation_id
OK	0	/Users/jleechan/.gemini/state.json
OK	4	/Users/jleechan/.gemini/settings.json
OK	44	/Users/jleechan/.gemini/config
OK	1586184	/Users/jleechan/.codex/worktrees
OK	0	/Users/jleechan/.gemini/Library
OK	0	/Users/jleechan/.gemini/extensions
OK	4	/Users/jleechan/.gemini/projects.json
OK	152	/Users/jleechan/.gemini/trustedFolders.json
OK	0	/Users/jleechan/.gemini/oauth_creds.json.bak
OK	5778980	/Users/jleechan/Library/Caches
OK	0	/Users/jleechan/.gemini/extension_integrity.json
OK	0	/Users/jleechan/.gemini/settings.json.orig
OK	4	/Users/jleechan/.gemini/GEMINI.md
OK	0	/Users/jleechan/.gemini/trusted_hooks.json
OK	0	/Users/jleechan/.gemini/antigravity-ide
OK	0	/Users/jleechan/.gemini/antigravity
OK	12	/Users/jleechan/.gemini/tmp
OK	0	/Users/jleechan/.gemini/mcp.json
OK	8	/Users/jleechan/dk2d_evidence/launcher-r3
OK	96	/Users/jleechan/dk2d_evidence/boot_smoke_task1step5
OK	284244	/Users/jleechan/dk2d_evidence/RUN-WAVE2-20260713T201149Z
OK	4	/Users/jleechan/dk2d_evidence/dk2d_healthy_window_run.sh
OK	20	/Users/jleechan/dk2d_evidence/RUN-WAVE1-REVIEW-20260713T043153Z
OK	3100436	/Users/jleechan/dk2d_evidence/RUN-CHRONO-20260714T071153Z
OK	0	/Users/jleechan/dk2d_evidence/RUN-POSTWAVE2-20260714T031253Z
OK	2388264	/Users/jleechan/dk2d_evidence/RUN-CHRONO-20260714T063141Z
OK	0	/Users/jleechan/dk2d_evidence/RUN-WAVE5-20260713T124223Z
OK	374736	/Users/jleechan/dk2d_evidence/chrono_final_frames
OK	296	/Users/jleechan/dk2d_evidence/wave2_ic2_walkcycle
OK	198796	/Users/jleechan/dk2d_evidence/RUN-WAVE1-REVIEW-20260713T100208Z
OK	3746892	/Users/jleechan/dk2d_evidence/RUN-CHRONO-20260714T083425Z
OK	2676	/Users/jleechan/dk2d_evidence/PERSONA-PLAYTHROUGH-20260715
OK	366344	/Users/jleechan/dk2d_evidence/RUN-20260714T031730Z
OK	155348	/Users/jleechan/dk2d_evidence/RUN-FINAL2-20260713T022601Z
OK	106136	/Users/jleechan/dk2d_evidence/RUN-TASK8O-20260715T170935Z
OK	176720	/Users/jleechan/dk2d_evidence/RUN-FINAL-20260713T013327Z
OK	114404	/Users/jleechan/dk2d_evidence/RUN-TASK8J-20260715T103156Z
OK	0	/Users/jleechan/dk2d_evidence/RUN-WAVE6-REV-20260713T130617Z
OK	0	/Users/jleechan/dk2d_evidence/RUN-WAVE8-20260713T134120Z
OK	101596	/Users/jleechan/dk2d_evidence/RUN-TASK8K-20260715T105650Z
OK	80	/Users/jleechan/dk2d_evidence/wave1_boot_frames
OK	4	/Users/jleechan/dk2d_evidence/task3_step7
OK	152	/Users/jleechan/dk2d_evidence/WC-GV8Y-FIX-VERIFICATION-20260715
OK	1588	/Users/jleechan/dk2d_evidence/proof_frames
OK	0	/Users/jleechan/dk2d_evidence/RUN-NEW-20260713T133000Z
OK	0	/Users/jleechan/dk2d_evidence/RUN-FRESH-20260713T110937Z
OK	8	/Users/jleechan/dk2d_evidence/runfinal_defy_beat6_wires.json
OK	0	/Users/jleechan/dk2d_evidence/RUN-POSTWAVE2-20260714T031730Z
OK	1546216	/Users/jleechan/dk2d_evidence/RUN-CHRONO-20260714T055943Z
OK	184152	/Users/jleechan/dk2d_evidence/RUN-FRESH-20260713T101030Z
OK	48	/Users/jleechan/dk2d_evidence/crop_right_object.png
OK	96	/Users/jleechan/dk2d_evidence/boot_smoke_task2
OK	4	/Users/jleechan/dk2d_evidence/task3_step7_retest2
OK	96	/Users/jleechan/dk2d_evidence/boot_smoke_task5
OK	1788208	/Users/jleechan/dk2d_evidence/RUN-CHRONO-20260714T075116Z
OK	96	/Users/jleechan/dk2d_evidence/boot_smoke_task4_addendum
OK	0	/Users/jleechan/dk2d_evidence/RUN-WAVE6-20260713T130012Z
OK	152	/Users/jleechan/dk2d_evidence/WC-GV8Y-RENDER-PROBE-20260715
OK	96	/Users/jleechan/dk2d_evidence/boot_smoke_task3
OK	1996756	/Users/jleechan/dk2d_evidence/RUN-CHRONO-20260714T061919Z
OK	32	/Users/jleechan/dk2d_evidence/RUN-FINAL2-20260713T022300Z
OK	105964	/Users/jleechan/dk2d_evidence/RUN-TASK8Q-20260715T180610Z
OK	348608	/Users/jleechan/dk2d_evidence/RUN-TASK8M-20260715T142450Z
OK	19199032	/Users/jleechan/.codex/sessions
OK	12	/Users/jleechan/dk2d_evidence/RUN-CHRONO-FINAL-20260714T153000Z-manifest.json
OK	16	/Users/jleechan/dk2d_evidence/run3_assembled_wires.json
OK	127128	/Users/jleechan/dk2d_evidence/run6_frames
OK	4	/Users/jleechan/dk2d_evidence/v60_parity_scan.py
OK	4	/Users/jleechan/dk2d_evidence/RUN-FRESH-20260713T100423Z_inprogress
OK	158576	/Users/jleechan/dk2d_evidence/RUN-TASK8I-20260715T100336Z
OK	121904	/Users/jleechan/dk2d_evidence/seal2_frames
OK	92	/Users/jleechan/dk2d_evidence/wave2_ic9_frames
OK	1676976	/Users/jleechan/dk2d_evidence/RUN-CHRONO-SEAL2-20260714T155520Z
OK	0	/Users/jleechan/dk2d_evidence/RUN-WAVE7-20260713T133025Z
OK	109124	/Users/jleechan/dk2d_evidence/RUN-TASK8G-20260715T072433Z
OK	137476	/Users/jleechan/dk2d_evidence/RUN-TASK8H-20260715T093812Z
OK	40	/Users/jleechan/dk2d_evidence/crop_left_object.png
OK	0	/Users/jleechan/dk2d_evidence/RUN-POSTWAVE2-20260714T031459Z
OK	287452	/Users/jleechan/dk2d_evidence/RUN-WAVE4-20260713T115648Z
OK	220888	/Users/jleechan/dk2d_evidence/RUN-FRESH-20260713T100735Z
OK	4	/Users/jleechan/dk2d_evidence/healthy_window_run.log
OK	2480	/Users/jleechan/dk2d_evidence/v60_baseline_frames
OK	42808	/Users/jleechan/dk2d_evidence/PERSONA-20260713T015701Z
OK	137888	/Users/jleechan/dk2d_evidence/RUN-TASK8P-20260715T173524Z
OK	272	/Users/jleechan/.worktrees/jleechanorg-github
OK	80	/Users/jleechan/.worktrees/roadmap-20260709-111325
OK	33912	/Users/jleechan/.worktrees/cc-pr321-checkpoint
OK	300120	/Users/jleechan/.worktrees/meta-babysit-self-cancel-v2
OK	43456	/Users/jleechan/.worktrees/claude-commands-checkpoint
OK	306020	/Users/jleechan/.worktrees/wa-8408-green
OK	8344	/Users/jleechan/.worktrees/disk_magician
OK	29576	/Users/jleechan/.worktrees/meta-no-stop-after-clarify
OK	228616	/Users/jleechan/.worktrees/homunculus-agy-driver
OK	303912	/Users/jleechan/.worktrees/worldarchitect-ai-8060
OK	320556	/Users/jleechan/.worktrees/worldarchitect.ai-dUfl4-LLM-ignored
OK	305860	/Users/jleechan/.worktrees/worldai-export-superset
OK	231916	/Users/jleechan/.gemini/history
OK	1213248	/Users/jleechan/.worktrees/worldarchitect_ai
OK	29736	/Users/jleechan/.worktrees/slack-later-audit
OK	305644	/Users/jleechan/.worktrees/homunculus-qwen3-coder
OK	0	/Users/jleechan/.worktrees/other-project
OK	29648	/Users/jleechan/.worktrees/jcc-restore-skeptic-cron
OK	309496	/Users/jleechan/.worktrees/worldarchitect-pr8265-redproof
OK	26760	/Users/jleechan/.worktrees/fix-agento-no-confirmation-gate
OK	300848	/Users/jleechan/.worktrees/wa-loadtest-harness
OK	29592	/Users/jleechan/.worktrees/jc-harness-deploy-failure
OK	38392	/Users/jleechan/.worktrees/jleechanclaw-feat-example-discipline
OK	300144	/Users/jleechan/.worktrees/wa-reenable-gate
OK	29612	/Users/jleechan/.worktrees/meta-pr-cleanup
OK	1264944	/Users/jleechan/.worktrees/jleechan_skillbench
OK	322808	/Users/jleechan/.worktrees/worldarchitect-pr8265-sidekick
OK	912956	/Users/jleechan/.worktrees/agent-orchestrator-ts
OK	24488	/Users/jleechan/.worktrees/ez-gh-actions
OK	183328	/Users/jleechan/.worktrees/dark-factory
OK	0	/Users/jleechan/.worktrees/worldai-claw
OK	29640	/Users/jleechan/.worktrees/cmux-submit-proof-rule
OK	700	/Users/jleechan/.worktrees/browserclaw-cookies
OK	38148	/Users/jleechan/.worktrees/hermes
OK	107504	/Users/jleechan/.worktrees/agent-orchestrator
OK	2492880	/Users/jleechan/.worktrees/jleechanorg-fix
OK	26628	/Users/jleechan/.worktrees/pr-659-fix
OK	5088008	/Users/jleechan/.worktrees/worldarchitect
OK	318264	/Users/jleechan/.worktrees/homunculus-agy-driver-clean
OK	287972	/Users/jleechan/.worktrees/wa-wip-draft-persist
OK	43484	/Users/jleechan/.worktrees/cc-sidekick-checkpoint-clean
OK	294684	/Users/jleechan/.worktrees/wa-concurrency-followup
OK	29688	/Users/jleechan/.worktrees/jcc-skeptic-auto-merge
OK	307896	/Users/jleechan/.worktrees/wa-precompute-deps
OK	480352	/Users/jleechan/.worktrees/llm_wiki
OK	9888	/Users/jleechan/.worktrees/fix-consulting-css-leak
OK	26724	/Users/jleechan/.worktrees/finish-e2e
OK	319108	/Users/jleechan/.worktrees/wa-7715-state-update-warnings
OK	400	/Users/jleechan/projects_other/ai_dev_recs
OK	41216	/Users/jleechan/projects_other/claude-code-fresh
OK	712	/Users/jleechan/projects_other/misc
OK	33668	/Users/jleechan/projects_other/ai_universe_convo_mcp
OK	31792	/Users/jleechan/projects_other/claude-code
OK	310932	/Users/jleechan/.worktrees/wa-ci-fast-checkout
OK	1252	/Users/jleechan/projects_other/superpowers-chrome
OK	26476	/Users/jleechan/projects_other/worldai_genesis2
OK	185504	/Users/jleechan/projects_other/claude-commands
OK	46632	/Users/jleechan/projects_other/bp-telemetry-apps
OK	5464	/Users/jleechan/projects_other/bp-telemetry-core-fork
OK	137676	/Users/jleechan/projects_other/hermes-agent-upmerge
OK	5856	/Users/jleechan/projects_other/ez-gh-actions-deploy
OK	355524	/Users/jleechan/projects_other/openclaw_sso
OK	436	/Users/jleechan/projects_other/worldai_genesis_claude
OK	368312	/Users/jleechan/projects_other/ralph-orchestrator
OK	139032	/Users/jleechan/projects_other/agent-orchestrator-upmerge
OK	32	/Users/jleechan/projects_other/ai_universe_living_blog
OK	64456	/Users/jleechan/projects_other/code_repo
OK	12200	/Users/jleechan/projects_other/disk_magician
OK	128	/Users/jleechan/projects_other/autowiki
OK	887516	/Users/jleechan/projects_other/openclaw
OK	1393344	/Users/jleechan/Library/Containers
OK	60816	/Users/jleechan/projects_other/openai_codex
OK	58972	/Users/jleechan/projects_other/jleechanbrain
OK	1279360	/Users/jleechan/.worktrees/jleechanclaw
OK	72428	/Users/jleechan/projects_other/ai_web_crawler
OK	94456	/Users/jleechan/projects_other/codex
OK	173508	/Users/jleechan/projects_other/worldai_genesis
OK	3508	/Users/jleechan/projects_other/ai_code_stats
OK	173480	/Users/jleechan/projects_other/worldai_ralph
OK	27488	/Users/jleechan/projects_other/ai-usage-tracker
OK	95828	/Users/jleechan/projects_other/agent_bridge
OK	1844	/Users/jleechan/projects_other/swe_bench2
OK	141188	/Users/jleechan/projects_other/hermes-agent-upstream
OK	168	/Users/jleechan/projects_other/worldai_ralph2
OK	326956	/Users/jleechan/projects_other/mcp_mail
OK	92080	/Users/jleechan/projects_other/worktree_rtk_plugin
OK	18308	/Users/jleechan/projects_other/claw-code
OK	1252172	/Users/jleechan/projects_other/worldarchitect.ai
OK	71832	/Users/jleechan/projects_other/TripoSR
OK	77868	/Users/jleechan/projects_other/hermes-agent-moa
OK	262228	/Users/jleechan/projects_other/agentloop
OK	6396	/Users/jleechan/projects_other/ez-gh-actions-wt-phase1
OK	1147488	/Users/jleechan/projects_other/swe_bench
OK	898812	/Users/jleechan/projects_other/worktree_user_scope_docker
OK	560	/Users/jleechan/projects_other/scratch
OK	298976	/Users/jleechan/projects_other/beads
OK	5704	/Users/jleechan/projects_other/hermes-agent-newfork
OK	1035204	/Users/jleechan/projects_other/spicy_llm
OK	74936	/Users/jleechan/projects_other/hermes-agent-rate-limit
OK	886584	/Users/jleechan/projects_other/ez-gh-actions
OK	129920	/Users/jleechan/projects_other/hermes-agent-merge
OK	31964	/Users/jleechan/projects_other/claude_llm_proxy
OK	111948	/Users/jleechan/projects_other/jleechan_fun
OK	9612	/Users/jleechan/projects_other/ccproxy-api
OK	1278272	/Users/jleechan/projects_other/hermes-agent
OK	27404	/Users/jleechan/projects_other/llm_inspector
OK	816	/Users/jleechan/projects_other/claude-code-source-code-deobfuscation
OK	6856	/Users/jleechan/projects_other/bp-telemetry-core
OK	1187696	/Users/jleechan/projects_other/ai_universe
OK	744	/Users/jleechan/projects_other/openclaw_config
OK	18204	/Users/jleechan/projects_other/codex_plus
OK	9836	/Users/jleechan/projects_other/mini-swe-agent
OK	1324	/Users/jleechan/projects_other/orchestrator_benchmark
OK	6003072	/Users/jleechan/Library/Mail
OK	37244	/Users/jleechan/projects_other/ai_universe_frontend
OK	160	/Users/jleechan/projects_other/git-hooks-security
OK	4	/Users/jleechan/.hermes/disabled-launchd
OK	8	/Users/jleechan/.hermes/procedures
OK	0	/Users/jleechan/.hermes/kanban.db.dispatch.lock
OK	26964	/Users/jleechan/projects_other/ccusage
OK	0	/Users/jleechan/.hermes/, FOUND if ok else missing)
    if ok:
        if isinstance(cur, dict):
            print(
OK	28	/Users/jleechan/.hermes/webhook_queue.db
OK	4	/Users/jleechan/.hermes/hermes-sync-all-redacted.md
OK	4	/Users/jleechan/.hermes/.cursor
OK	0	/Users/jleechan/.hermes/locks
OK	24	/Users/jleechan/.hermes/ao_runner.egg-info
OK	0	/Users/jleechan/.hermes/pairing
OK	12	/Users/jleechan/.hermes/artifacts
OK	4	/Users/jleechan/.hermes/channel_directory_investigation_2026-06-20.md
OK	8	/Users/jleechan/.hermes/.githooks
OK	4	/Users/jleechan/.hermes/security-policy.md
OK	0	/Users/jleechan/.hermes/sandboxes
OK	48	/Users/jleechan/.hermes/.claude-skills-backup
OK	8	/Users/jleechan/.hermes/platforms
OK	4	/Users/jleechan/.hermes/PROJECTS_BEADS.md
OK	0	/Users/jleechan/.hermes/tools
OK	4	/Users/jleechan/.hermes/staging
OK	20	/Users/jleechan/.hermes/docker
OK	116	/Users/jleechan/.hermes/monitor-agent.sh
OK	4	/Users/jleechan/.hermes/cron-backup-sync.sh
OK	0	/Users/jleechan/.hermes/subagents
OK	4	/Users/jleechan/.hermes/enable-auto-backup.sh
OK	16	/Users/jleechan/.hermes/discord-eng-bot
OK	4	/Users/jleechan/.hermes/gateway.pid
OK	372	/Users/jleechan/.hermes/memory
OK	14832	/Users/jleechan/.hermes/cache
OK	0	/Users/jleechan/.hermes/kanban.db.init.lock
OK	4	/Users/jleechan/.hermes/identity
OK	4	/Users/jleechan/.hermes/slack-setup.sh
OK	24	/Users/jleechan/.hermes/uv.lock
OK	16	/Users/jleechan/.hermes/.pytest_cache
OK	0	/Users/jleechan/.hermes/hermes_cli
OK	0	/Users/jleechan/.hermes/auth.lock
OK	18876	/Users/jleechan/.hermes/bin
OK	12	/Users/jleechan/.hermes/symphony
OK	16	/Users/jleechan/.hermes/config.yaml.pre-compression-fix-1784007297
OK	4	/Users/jleechan/.hermes/webhook.json
OK	4	/Users/jleechan/.hermes/snapshots
OK	8	/Users/jleechan/.hermes/SETUP.md
OK	16	/Users/jleechan/.hermes/pr-body.md
OK	612	/Users/jleechan/.hermes/roadmap
OK	4	/Users/jleechan/.hermes/.clawhub
OK	728	/Users/jleechan/.hermes/plugins
OK	4	/Users/jleechan/.hermes/crontab-backup-20260326T203053.txt
OK	8	/Users/jleechan/.hermes/references
OK	44	/Users/jleechan/.hermes/agent-orchestrator.yaml
OK	4	/Users/jleechan/.hermes/Makefile
OK	68	/Users/jleechan/.hermes/.dark-factory
OK	8	/Users/jleechan/.hermes/schedule_branch_work.sh
OK	0	/Users/jleechan/.hermes/.!96891!state.db-wal
OK	8	/Users/jleechan/.hermes/systemd
OK	32	/Users/jleechan/.hermes/response_store.db-shm
OK	24	/Users/jleechan/.hermes/.ruff_cache
OK	0	/Users/jleechan/.hermes/IDENTITY.md
OK	0	/Users/jleechan/.hermes/image_cache
OK	4	/Users/jleechan/.hermes/HELLO_MCTRL.md
OK	4	/Users/jleechan/.hermes/ralph-prompt.md
OK	4	/Users/jleechan/.hermes/gateway.lock
OK	4	/Users/jleechan/.hermes/.update_check
OK	0	/Users/jleechan/.hermes/providers
OK	284	/Users/jleechan/.hermes/verification_evidence.db
OK	4	/Users/jleechan/.hermes/install.sh
OK	4	/Users/jleechan/.hermes/weekly-error-trends.sh
OK	7016320	/Users/jleechan/.hermes/state.db
OK	4	/Users/jleechan/.hermes/SOUL.md.bak
OK	4	/Users/jleechan/.hermes/gateway_state.json
OK	956	/Users/jleechan/.hermes/workspace
OK	4	/Users/jleechan/.hermes/docs-drift-review.sh
OK	4	/Users/jleechan/.hermes/pyproject.toml
OK	4	/Users/jleechan/.hermes/context_length_cache.yaml
OK	4	/Users/jleechan/.hermes/.gateway-node-version
OK	24	/Users/jleechan/.hermes/skills-executive-assistant-config
OK	6072	/Users/jleechan/.hermes/dialog_review_2026-07-13
OK	0	/Users/jleechan/.hermes/response_store.db-wal
OK	100	/Users/jleechan/.hermes/checkpoints
OK	48	/Users/jleechan/.hermes/runtime
OK	712	/Users/jleechan/.hermes/tests
OK	32	/Users/jleechan/.hermes/ao-session-tracker
OK	8	/Users/jleechan/.hermes/morning-log-review.sh
OK	4	/Users/jleechan/.hermes/spec
OK	4	/Users/jleechan/.hermes/TOOLS.md.bak
OK	16	/Users/jleechan/.hermes/config.yaml
OK	48	/Users/jleechan/.hermes/agents
OK	2905028	/Users/jleechan/projects_other/agent_wrapper
OK	252	/Users/jleechan/.hermes/ralph
OK	0	/Users/jleechan/.hermes/HEARTBEAT.md
OK	196	/Users/jleechan/.hermes/var
OK	36	/Users/jleechan/.hermes/workspace-monitor
OK	7476	/Users/jleechan/.hermes/.beads
OK	2156	/Users/jleechan/.hermes/wa-tasks
OK	164	/Users/jleechan/.hermes/kanban.db
OK	32	/Users/jleechan/.hermes/lsp
OK	0	/Users/jleechan/.hermes/agent
OK	4	/Users/jleechan/.hermes/doctor.sh
OK	4	/Users/jleechan/.hermes/ai.hermes.startup-check.plist
OK	6296	/Users/jleechan/.hermes/docs
OK	3108	/Users/jleechan/.hermes/models_dev_cache.json
OK	4	/Users/jleechan/.hermes/startup-check.sh
OK	60	/Users/jleechan/.hermes/hermes-config
OK	8	/Users/jleechan/.hermes/create_worktree.sh
OK	4	/Users/jleechan/.hermes/last10_50plus_2026-07-13.json
OK	8	/Users/jleechan/.hermes/AUTO_START_GUIDE.md
OK	100	/Users/jleechan/.hermes/extensions
OK	0	/Users/jleechan/.hermes/=51200{print
OK	36	/Users/jleechan/.hermes/README.md
OK	132	/Users/jleechan/.hermes/.skills_prompt_snapshot.json
OK	4	/Users/jleechan/.hermes/.gitleaksignore
OK	1084	/Users/jleechan/.hermes/harness-optimizer
OK	4	/Users/jleechan/.hermes/com.jleechan.harness-analyzer.plist
OK	4	/Users/jleechan/.hermes/processes.json
OK	44208	/Users/jleechan/.hermes/state
OK	108	/Users/jleechan/.hermes/testing_integration
OK	4	/Users/jleechan/.hermes/last_ao_pr_status.json
OK	4	/Users/jleechan/.hermes/slack_tokens.json
OK	36	/Users/jleechan/.hermes/webhook-receiver
OK	852	/Users/jleechan/.hermes/channel_directory.json
OK	4	/Users/jleechan/.hermes/SLACK_SETUP_GUIDE.md
OK	0	/Users/jleechan/.hermes/MEMORY.md
OK	8	/Users/jleechan/.hermes/run-scheduled-job.sh
OK	453388	/Users/jleechan/.hermes/logs
OK	44	/Users/jleechan/.hermes/ao_runner
OK	0	/Users/jleechan/.hermes/worldarchitect
OK	4	/Users/jleechan/.hermes/.gitignore
OK	12	/Users/jleechan/.hermes/package.json
OK	4	/Users/jleechan/.hermes/.bugbot-trigger
OK	8	/Users/jleechan/.hermes/leet_code
OK	4	/Users/jleechan/.hermes/file_domains.yaml
OK	0	/Users/jleechan/.hermes/memory.db
OK	8	/Users/jleechan/.hermes/AGENTS.md.bak
OK	4	/Users/jleechan/.hermes/feishu_seen_message_ids.json
OK	40	/Users/jleechan/.hermes/agent-orchestrator.yaml.bak
OK	4	/Users/jleechan/.hermes/.env
OK	0	/Users/jleechan/.hermes/hooks
OK	6788	/Users/jleechan/.hermes/.hermes-backups
OK	4	/Users/jleechan/.hermes/.hermes-meta
OK	12	/Users/jleechan/.hermes/harness-analyzer.sh
OK	26376	/Users/jleechan/.hermes/.openclaw-backups
OK	1034668	/Users/jleechan/projects_other/agent-orchestrator
OK	0	/Users/jleechan/.hermes/kanban
OK	4	/Users/jleechan/.hermes/watch-ralph.sh
OK	4	/Users/jleechan/.hermes/audit_report.md
OK	2320	/Users/jleechan/.hermes/scripts
OK	0	/Users/jleechan/.hermes/BOOTSTRAP.md
OK	84	/Users/jleechan/.hermes/.github
OK	4	/Users/jleechan/.hermes/.gateway-launchd-unsupported
OK	4	/Users/jleechan/.hermes/.gitattributes
OK	4	/Users/jleechan/.hermes/.gitleaks.toml
OK	8	/Users/jleechan/.hermes/SCAFFOLD_README.md
OK	56	/Users/jleechan/.hermes/lib
OK	4	/Users/jleechan/.hermes/blank-to-pr.sh
OK	4	/Users/jleechan/.hermes/prompts
OK	16	/Users/jleechan/.hermes/health-check.sh
OK	296	/Users/jleechan/.hermes/launchd
OK	4	/Users/jleechan/.hermes/ralph.sh
OK	372	/Users/jleechan/.hermes/testing_llm
OK	0	/Users/jleechan/.hermes/USER.md
OK	4	/Users/jleechan/.hermes/ralph-progress.txt
OK	52104	/Users/jleechan/.hermes/qdrant_storage
OK	8	/Users/jleechan/.hermes/BACKUP_AND_RESTORE.md
OK	16	/Users/jleechan/.hermes/auth.json
OK	4	/Users/jleechan/.hermes/BACKUP_SCOPE.md
OK	152	/Users/jleechan/.hermes/bug_reports
OK	0	/Users/jleechan/.hermes/SOUL.md
OK	4	/Users/jleechan/.hermes/config.staging.yaml
OK	4	/Users/jleechan/.hermes/.env.example
OK	4	/Users/jleechan/.hermes/BLANK_TO_PR_WORKFLOW.md
OK	4	/Users/jleechan/.hermes/HEARTBEAT.md.bak
OK	0	/Users/jleechan/.hermes/AGENTS.md
OK	8	/Users/jleechan/.hermes/daily-hermes-research.sh
OK	447264	/Users/jleechan/.hermes/.claude
OK	4	/Users/jleechan/.hermes/ai.hermes.schedule.harness-engineering-review.plist
OK	4	/Users/jleechan/.hermes/ai.hermes.schedule.harness-analyzer.plist
OK	42340	/Users/jleechan/.hermes/skills
OK	4	/Users/jleechan/.hermes/.coderabbit.yaml
OK	4	/Users/jleechan/.hermes/ai.hermes.schedule.workspace-report.plist
OK	4	/Users/jleechan/.hermes/GITHUB_REPOS.md
OK	8	/Users/jleechan/.hermes/ralph-prd.json
OK	20	/Users/jleechan/.hermes/response_store.db
OK	388	/Users/jleechan/.hermes/state.db-wal
OK	168	/Users/jleechan/.hermes/migration
OK	40	/Users/jleechan/.hermes/testing_mcp
OK	64	/Users/jleechan/.hermes/mem0-history.db
OK	48	/Users/jleechan/.hermes/CLAUDE.md
OK	424	/Users/jleechan/.hermes/memories
OK	32	/Users/jleechan/.hermes/integrate.sh
OK	4	/Users/jleechan/.hermes/e2e-done.txt
OK	32	/Users/jleechan/.hermes/high_level_diagram
OK	64	/Users/jleechan/.hermes/state.db-shm
OK	56	/Users/jleechan/.hermes/audio_cache
OK	4	/Users/jleechan/.hermes/gateway
OK	4	/Users/jleechan/.hermes/ai.agent-orchestrator.dashboard.plist
OK	4	/Users/jleechan/.hermes/.restart_last_processed.json
OK	0	/Users/jleechan/.hermes/TOOLS.md
OK	4	/Users/jleechan/.hermes/ao_pr_state.json
OK	856	/Users/jleechan/.hermes/src
OK	192	/Users/jleechan/Pictures/Photo Booth Library
OK	8	/Users/jleechan/Pictures/.DS_Store
OK	0	/Users/jleechan/Pictures/.localized
OK	3816	/Users/jleechan/.hermes/cron
OK	4	/Users/jleechan/project_worldaiclaw/.gemini
OK	2548096	/Users/jleechan/.hermes/.git
OK	5125256	/Users/jleechan/.hermes/sessions
OK	1860	/Users/jleechan/project_worldaiclaw/worktree_living-companions
OK	1296	/Users/jleechan/project_worldaiclaw/orchestration
OK	1392832	/Users/jleechan/projects_other/vibe-kanban
OK	482808	/Users/jleechan/project_worldaiclaw/worktree_deep-review-extraction
OK	1184004	/Users/jleechan/project_worldaiclaw/worktree_worldai_2d
OK	20728	/Users/jleechan/projects_reference/agent-browser
OK	26124	/Users/jleechan/projects_reference/Archon
OK	352	/Users/jleechan/projects_reference/rag_optimizer
OK	445680	/Users/jleechan/projects_reference/cmux_ubuntu
OK	1176892	/Users/jleechan/project_worldaiclaw/worktree_wc-w89
OK	54012	/Users/jleechan/projects_reference/composio-agent-orchestrator
OK	10668	/Users/jleechan/projects_reference/ralph
OK	80640	/Users/jleechan/projects_reference/gastown
OK	1380836	/Users/jleechan/project_worldaiclaw/worktree_dragonknight_2d
OK	3408	/Users/jleechan/projects_reference/jleechanclaw-ao-plumbing-sync-20260312-204713
OK	2464308	/Users/jleechan/projects_reference/openclaw-mission-control
OK	1076	/Users/jleechan/projects_reference/docker-github-actions-runner
OK	14104	/Users/jleechan/projects_reference/optimize-anything
OK	1510184	/Users/jleechan/projects_reference/openclaw
OK	501016	/Users/jleechan/projects_reference/llm-wiki
OK	376	/Users/jleechan/projects_reference/myoung34-docker-github-actions-runner
OK	75584	/Users/jleechan/projects_reference/agent-orchestrator
OK	1880008	/Users/jleechan/projects_reference/agent-orchestrator-mirror
OK	1930384	/Users/jleechan/projects_reference/jleechanclaw
OK	194668	/Users/jleechan/projects_reference/.agentloop
OK	564	/Users/jleechan/projects_reference/rag-optuna-50iter-worktree
OK	47022040	/Users/jleechan/projects/worldarchitect.ai
OK	14088	/Users/jleechan/projects_reference/mikeyobrien
OK	563768	/Users/jleechan/.local/bin
OK	88	/Users/jleechan/.local/libexec
OK	866620	/Users/jleechan/projects_reference/hermes-agent
OK	4	/Users/jleechan/.local/etc
OK	38556	/Users/jleechan/.local/state
OK	1633252	/Users/jleechan/projects_reference/cmux
OK	0	/Users/jleechan/.local/venv
OK	1337672	/Users/jleechan/.local/venvs
OK	745924	/Users/jleechan/.local/lib
OK	4	/Users/jleechan/.claude/.credentials.json.20260625-215812.bak
OK	768	/Users/jleechan/.claude/hooks.backup_20260409_090253
OK	0	/Users/jleechan/.claude/ide
OK	8	/Users/jleechan/.claude/compaction-guard.log
OK	4	/Users/jleechan/.claude/.credentials.json.20260625-215634.bak
OK	4	/Users/jleechan/.claude/mcp-needs-auth-cache.json
OK	4	/Users/jleechan/.claude/capture
OK	1884	/Users/jleechan/.claude/image-cache
OK	4	/Users/jleechan/.claude/.credentials.json.20260409-183914.bak
OK	1233904	/Users/jleechan/.local/orch-venv
OK	16	/Users/jleechan/.claude/settings.json.backup_hooks_20260409
OK	4	/Users/jleechan/.claude/.keychain-backup-20260623-164522.json
OK	12	/Users/jleechan/.claude/.DS_Store
OK	4	/Users/jleechan/.claude/security_warnings_state_e4217e5f-b37c-498f-9b68-2114ddbc6950.json
OK	12	/Users/jleechan/.claude/settings.json.bak-claudeaf-20260530-135213
OK	780140	/Users/jleechan/.local/whisper-venv
OK	12	/Users/jleechan/.claude/settings.json
OK	552	/Users/jleechan/.claude/cache
OK	16	/Users/jleechan/.claude/.pytest_cache
OK	4	/Users/jleechan/.claude/bin
OK	4	/Users/jleechan/.claude/.credentials.json.20260411-035941.bak
OK	4	/Users/jleechan/.claude/.credentials.json.20260422-072543.bak
OK	444	/Users/jleechan/.claude/plans
OK	4	/Users/jleechan/.claude/.credentials.json.20260410-123331.bak
OK	4	/Users/jleechan/.claude/CLAUDE-policy-layering.md
OK	16	/Users/jleechan/.claude/settings.json.backup.before_beads
OK	20	/Users/jleechan/.claude/stats-cache.json
OK	92	/Users/jleechan/.claude/claude
OK	430756	/Users/jleechan/.claude/plugins
OK	16	/Users/jleechan/.claude/settings.json.backup
OK	12	/Users/jleechan/.claude/settings.json.bak-idguards-20260530-151631
OK	30240	/Users/jleechan/.claude/venvs
OK	10892	/Users/jleechan/.claude/tasks
OK	4	/Users/jleechan/.claude/.credentials.json.20260627-132033.bak
OK	8	/Users/jleechan/.claude/setup-split-pane.sh
OK	9343024	/Users/jleechan/project_worldaiclaw/worldai_claw
OK	4	/Users/jleechan/.claude/reword-skeptic.sh
OK	4	/Users/jleechan/.claude/.last-cleanup
OK	16	/Users/jleechan/.claude/settings.json.backup.20260109_233728
OK	400	/Users/jleechan/.claude/agents
OK	4	/Users/jleechan/.claude/.account.json
OK	4724	/Users/jleechan/.claude/paste-cache
OK	4	/Users/jleechan/.claude/.credentials.json.20260420-035731.bak
OK	243852	/Users/jleechan/.claude/node_modules
OK	4	/Users/jleechan/.claude/.npmrc
OK	16	/Users/jleechan/.claude/settings.json.backup.20260109_232057
OK	16	/Users/jleechan/.claude/settings.json.backup.20260109_233718
OK	0	/Users/jleechan/.claude/unknown_4MTbiF
OK	84	/Users/jleechan/.claude/plugins.backup_20260409_090253
OK	0	/Users/jleechan/.claude/plugins.backup_20260409_090254
OK	12	/Users/jleechan/.claude/settings.json.backup-1758744288
OK	4	/Users/jleechan/.claude/.credentials.json.20260410-123335.bak
OK	4	/Users/jleechan/.claude/statusline-command.sh
OK	4	/Users/jleechan/.claude/.credentials.json.20260420-035844.bak
OK	12	/Users/jleechan/.claude/settings.json.bak-context-mode-removal
OK	4	/Users/jleechan/.claude/blocked_violations.log
OK	4	/Users/jleechan/.claude/.credentials.json.20260409-183612.bak
OK	4	/Users/jleechan/.claude/.credentials.json.20260422-072601.bak
OK	12	/Users/jleechan/.claude/settings.json.bak
OK	4	/Users/jleechan/.claude/.credentials.json.20260626-073023.bak
OK	4	/Users/jleechan/.claude/.credentials.json.20260625-215853.bak
OK	4	/Users/jleechan/.claude/.caveman-active
OK	0	/Users/jleechan/.claude/unknown_XmaevM
OK	4	/Users/jleechan/.claude/RTK.md
OK	4	/Users/jleechan/.claude/logs
OK	84	/Users/jleechan/.claude/sessions
OK	4	/Users/jleechan/.claude/daemon
OK	296	/Users/jleechan/.claude/package-lock.json
OK	4	/Users/jleechan/.claude/package.json
OK	4	/Users/jleechan/.claude/.credentials.json.20260420-211141.bak
OK	4	/Users/jleechan/.claude/.credentials.json.20260626-201434.bak
OK	12	/Users/jleechan/.claude/learnings
OK	4	/Users/jleechan/.claude/commit_msg_temp.txt
OK	20	/Users/jleechan/.claude/hooks.disable_backup_20260409_115220
OK	1012	/Users/jleechan/.claude/hooks
OK	4	/Users/jleechan/.claude/.credentials.json.20260411-144120.bak
OK	4	/Users/jleechan/.claude/chrome
OK	0	/Users/jleechan/.claude/projects-Users-jleechan-.cursor-worktrees-worldarchitect.ai-9fd9
OK	1260	/Users/jleechan/.claude/scripts
OK	4	/Users/jleechan/.claude/.credentials.json.20260626-073025.bak
OK	0	/Users/jleechan/.claude/unknown_Mnwnb3
OK	30584	/Users/jleechan/.claude/worktrees
OK	4	/Users/jleechan/.claude/.credentials.json.20260627-132029.bak
OK	6212	/Users/jleechan/.claude/shell-snapshots
OK	4	/Users/jleechan/.claude/.credentials.json.20260626-201445.bak
OK	2744	/Users/jleechan/.claude/teams
OK	4	/Users/jleechan/.claude/.credentials.json.20260411-035958.bak
OK	4984	/Users/jleechan/.claude/commands
OK	284592	/Users/jleechan/.claude/telemetry
OK	4	/Users/jleechan/.claude/jobs
OK	4	/Users/jleechan/.claude/.credentials.json.20260420-211321.bak
OK	252	/Users/jleechan/.claude/.claude.json
OK	20912	/Users/jleechan/.claude/history.jsonl
OK	0	/Users/jleechan/.claude/mcp-servers
OK	4	/Users/jleechan/.claude/security_warnings_state_61f16971-6667-4948-aecb-543a56c8ceff.json
OK	12	/Users/jleechan/.claude/CLAUDE-global-reference.md
OK	4	/Users/jleechan/.claude/.caveman-statusline-suffix
OK	4	/Users/jleechan/.claude/mcp-strict.json
OK	4	/Users/jleechan/.claude/.credentials.json.20260410-123417.bak
OK	4	/Users/jleechan/.claude/security_warnings_state_7540a9df-814f-4789-b7d5-e6b508b72bb4.json
OK	0	/Users/jleechan/.claude/unknown_Gjr1Og
OK	384744	/Users/jleechan/.claude/skills
OK	5695124	/Users/jleechan/.local/share
OK	0	/Users/jleechan/.claude/downloads
OK	4	/Users/jleechan/.claude/tmp
OK	1984	/Users/jleechan/.claude/backups
OK	4	/Users/jleechan/.claude/.credentials.json.20260420-041636.bak
OK	16	/Users/jleechan/.claude/settings.json.backup.20260122_205550
OK	100	/Users/jleechan/.claude/servers
OK	16	/Users/jleechan/.claude/projects--Users-jleechan-project_agento-agent-orchestrator
OK	4	/Users/jleechan/.claude/.credentials.json.20260420-120815.bak
OK	52	/Users/jleechan/.claude/CLAUDE.md
OK	4	/Users/jleechan/.claude/pr-body-bd-5o1.md
OK	4	/Users/jleechan/.claude/.caveman-history.jsonl
OK	4	/Users/jleechan/.claude/security_warnings_state_6163eda1-2fb2-4b74-9444-1c7496cd5596.json
OK	115304	/Users/jleechan/.claude/supervisor
OK	0	/Users/jleechan/.claude/conversation-index
OK	4	/Users/jleechan/.claude/.credentials.json.20260420-120816.bak
OK	109188	/Users/jleechan/.ao/staging
OK	4	/Users/jleechan/.ao/running.json
OK	20	/Users/jleechan/.ao/bin
OK	0	/Users/jleechan/.ao/supervise.sock
OK	4	/Users/jleechan/.ao/update-settings.json
OK	4	/Users/jleechan/.ao/app-state.json
OK	0	/Users/jleechan/.ao/.app-state-19635-1783886854061.json
OK	7068	/Users/jleechan/.ao/electron
OK	36	/Users/jleechan/repos/ralph-orchestrator
OK	0	/Users/jleechan/.claude/session-env
OK	410768	/Users/jleechan/repos/wt-6969-tmp
OK	140	/Users/jleechan/repos/worldarchitect-campaign-scripts
OK	44236	/Users/jleechan/repos/wt-harness-team-roles
OK	280	/Users/jleechan/repos/granola-exporter
OK	33376	/Users/jleechan/repos/smartclaw
OK	12980	/Users/jleechan/repos/.worktrees
OK	540224	/Users/jleechan/.claude/file-history
OK	236	/Users/jleechan/repos/heretic-lab
OK	29640	/Users/jleechan/repos/jleechanclaw-mcp-mail
OK	8	/Users/jleechan/.nvm/CODE_OF_CONDUCT.md
OK	4	/Users/jleechan/.nvm/nvm-exec
OK	4	/Users/jleechan/.nvm/LICENSE.md
OK	52	/Users/jleechan/.nvm/alias
OK	1996	/Users/jleechan/.nvm/test
OK	4	/Users/jleechan/.nvm/Dockerfile
OK	8	/Users/jleechan/.nvm/Makefile
OK	16	/Users/jleechan/.nvm/install.sh
OK	4	/Users/jleechan/.nvm/GOVERNANCE.md
OK	1713816	/Users/jleechan/repos/jleechanclaw
OK	4	/Users/jleechan/.nvm/rename_test.sh
OK	4	/Users/jleechan/.nvm/.npmrc
OK	4	/Users/jleechan/.nvm/.editorconfig
OK	40	/Users/jleechan/.nvm/README.md
OK	4	/Users/jleechan/.nvm/.dockerignore
OK	4	/Users/jleechan/.nvm/PROJECT_CHARTER.md
OK	4	/Users/jleechan/.nvm/ROADMAP.md
OK	4	/Users/jleechan/.nvm/.gitignore
OK	4	/Users/jleechan/.nvm/package.json
OK	4	/Users/jleechan/.nvm/CONTRIBUTING.md
OK	4	/Users/jleechan/.nvm/update_test_mocks.sh
OK	48	/Users/jleechan/.nvm/.github
OK	4	/Users/jleechan/.nvm/.gitattributes
OK	136	/Users/jleechan/.nvm/nvm.sh
OK	4	/Users/jleechan/.nvm/.mailmap
OK	748	/Users/jleechan/.nvm/.git
OK	4	/Users/jleechan/.nvm/bash_completion
OK	96472	/Users/jleechan/.nvm/.cache
OK	4	/Users/jleechan/.nvm/.travis.yml
OK	5271132	/Users/jleechan/.lima/colima
OK	12	/Users/jleechan/.lima/_config
OK	14430380	/Users/jleechan/Pictures/Photos Library.photoslibrary
OK	4384236	/Users/jleechan/repos/jleechanorg
OK	7502524	/Users/jleechan/.claude/projects
OK	24074712	/Users/jleechan/.gemini/antigravity-cli
OK	8049216	/Users/jleechan/.ao/data
OK	5798780	/Users/jleechan/.nvm/versions
OK	4570744	/Users/jleechan/Library/CloudStorage
META	SCAN_END_UTC	2026-07-16T19:33:12Z	XARGS_RC=0
