META	SCAN_START_UTC	2026-07-16T19:29:07Z
META	DF_START	blocks_kb=971350180	used_kb=849679316	available_kb=78217436	capacity=92%	mount=/System/Volumes/Data
OK	4	/Users/jleechan/.env_secrets
OK	4	/Users/jleechan/hello.py
OK	8	/Users/jleechan/character_creation_instructions.md
OK	16	/Users/jleechan/.mcporter
OK	140	/Users/jleechan/04-after-send-3s-wait.png
OK	448	/Users/jleechan/.claude.json.backup
OK	127416	/Users/jleechan/evidence_backups
OK	304	/Users/jleechan/.cron_backups
OK	1692	/Users/jleechan/.agents-archive-2026-06-14-trim5
OK	720	/Users/jleechan/.claude.json.tmp.43595.1778638475622
OK	52	/Users/jleechan/.bashrc.bak.1778911184
OK	30244	/Users/jleechan/ref2_phchDt63qAA.mp4
OK	4460	/Users/jleechan/.hex
OK	332	/Users/jleechan/projects_fake_repo
OK	40404	/Users/jleechan/Music
OK	72	/Users/jleechan/pnpm-lock.yaml
OK	132	/Users/jleechan/localhost-test-after-send.png
OK	4	/Users/jleechan/e2e_test_status.md
OK	4	/Users/jleechan/.serverlessrc
OK	92	/Users/jleechan/.claude-code-router
OK	72	/Users/jleechan/.antigravity-loop
OK	36	/Users/jleechan/.bashrc.bak.20260219133903
OK	4	/Users/jleechan/fetch_pr_feedback.py
OK	4	/Users/jleechan/skills-lock.json
OK	118780	/Users/jleechan/ref3_u-rJwPPU3QA.mp4
OK	36	/Users/jleechan/.qwen
OK	4	/Users/jleechan/.git-credentials.bak
OK	8052	/Users/jleechan/.bytertc
OK	4	/Users/jleechan/.ai_review_stress_ledger.jsonl
OK	8	/Users/jleechan/.devpi
OK	364648	/Users/jleechan/worldarchitect.ai_rate_25
OK	312476	/Users/jleechan/claude-commands
OK	229348	/Users/jleechan/.expo
OK	4	/Users/jleechan/.gemini_api_key.txt
OK	0	/Users/jleechan/shared-agent-skills
OK	4	/Users/jleechan/.wiki-default
OK	48	/Users/jleechan/.mcp_agent_mail_runtime
OK	4	/Users/jleechan/test_output.json
OK	4	/Users/jleechan/test_response.json
OK	0	/Users/jleechan/unknown_4Snkqa
OK	10396	/Users/jleechan/jcc-19-fix
OK	541220	/Users/jleechan/worldarchitect.ai.worktrees
OK	300	/Users/jleechan/01-dev-initial-chat-loaded.png
OK	5408	/Users/jleechan/worldai_wiki
OK	60	/Users/jleechan/.bashrc.pre-discord-fix-1781825009
OK	375236	/Users/jleechan/swebench_lite
OK	294104	/Users/jleechan/django.git
OK	0	/Users/jleechan/.copilot
OK	4	/Users/jleechan/dnd_srd_reference.md
OK	28	/Users/jleechan/.gsutil
OK	64	/Users/jleechan/.bashrc.bak.20260712_174048
OK	24496	/Users/jleechan/.docker
OK	121920	/Users/jleechan/dk2d_comparison
OK	4	/Users/jleechan/e2e_char_create_test.md
OK	134480	/Users/jleechan/.hermes_screenshots
OK	4	/Users/jleechan/e2e-test-results.md
OK	4	/Users/jleechan/mcp-servers-config-with-token.json
OK	4	/Users/jleechan/test_logs
OK	28	/Users/jleechan/.ao-tasks
OK	4	/Users/jleechan/fix_ao_config_v2.py
OK	132	/Users/jleechan/current-state.png
OK	4	/Users/jleechan/character_temp.json
OK	132	/Users/jleechan/.agents-archive-2026-06-14-trim5b
OK	20132	/Users/jleechan/br_migration_last15_20260309_011839
OK	4	/Users/jleechan/.cerebras_model
OK	64	/Users/jleechan/.bashrc.bak-aobot-delete-1783898406
OK	8	/Users/jleechan/daily_slack_checkin.sh
OK	80632	/Users/jleechan/.ao-clones
OK	8	/Users/jleechan/merge_k_sorted_lists.py
OK	4	/Users/jleechan/reviews.json
OK	4	/Users/jleechan/test_bashrc.sh
OK	24	/Users/jleechan/.claude.json.bak_20260307_152215
OK	0	/Users/jleechan/.claude.json.tmp.aDD1yn
OK	44	/Users/jleechan/.agent-orchestrator.yaml
OK	12	/Users/jleechan/discord-eng-bot
OK	4	/Users/jleechan/.opencode.json
OK	60	/Users/jleechan/predict_output.json
OK	52	/Users/jleechan/.bashrc.bak2
OK	164	/Users/jleechan/swe-bench
OK	4	/Users/jleechan/.gemini_api_key_secret
OK	4	/Users/jleechan/.gbrain
OK	86632	/Users/jleechan/go
OK	684	/Users/jleechan/worldarchitect-public-wiki
OK	24	/Users/jleechan/.DS_Store
OK	20112244	/Users/jleechan/dk2d_evidence
OK	20	/Users/jleechan/claude_backup.sh
OK	4	/Users/jleechan/.tmole.sh
OK	4	/Users/jleechan/mcp-test-results.md
OK	32	/Users/jleechan/.bashrc.backup
OK	1400	/Users/jleechan/llm-rpg
OK	4	/Users/jleechan/test-response.json
OK	440376	/Users/jleechan/jleechan_bench_workspace
OK	8	/Users/jleechan/verify_dev_setup.sh
OK	4	/Users/jleechan/final_response.json
OK	257324	/Users/jleechan/.openclaw_bak
OK	12	/Users/jleechan/.codexbar
OK	456	/Users/jleechan/memory
OK	4	/Users/jleechan/e2e-test-results.json
OK	2722484	/Users/jleechan/.config
OK	4	/Users/jleechan/gm_response.json
OK	0	/Users/jleechan/a-2267-babysit.sh
OK	872	/Users/jleechan/.github-repo-auto-config-stderr.log
OK	4	/Users/jleechan/.tmux.conf
OK	4	/Users/jleechan/result.json
OK	1696000	/Users/jleechan/.cursor
OK	8	/Users/jleechan/.crontab_backup_20260228_095902
OK	4	/Users/jleechan/test_response_final.json
OK	24	/Users/jleechan/mcp-inspector-helper.html
OK	64	/Users/jleechan/.claude.json.bak.20260313T001437
OK	344776	/Users/jleechan/benchmark-runs
OK	4	/Users/jleechan/serviceAccountKey.json
OK	4	/Users/jleechan/dump.rdb
OK	4	/Users/jleechan/check_prs.py
OK	4	/Users/jleechan/.CFUserTextEncoding
OK	0	/Users/jleechan/test
OK	3940	/Users/jleechan/browserclaw
OK	4	/Users/jleechan/.jleechanclaw
OK	8	/Users/jleechan/char_creation_response.json
OK	8	/Users/jleechan/.goal-loop
OK	288	/Users/jleechan/inline_comments.json
OK	32	/Users/jleechan/.pytest_cache
OK	244	/Users/jleechan/.worldai_claw
OK	4	/Users/jleechan/test-e2e-character-creation.md
OK	148072	/Users/jleechan/bin
OK	568	/Users/jleechan/comments.json
OK	40	/Users/jleechan/.bashrc.pre_openclaw_slack_app_sync.20260312T215441
OK	44	/Users/jleechan/.codexplus
OK	0	/Users/jleechan/.claude.json.tmp.43183.a0ecc367a5b3
OK	0	/Users/jleechan/.monitrc
OK	4	/Users/jleechan/TEST_FINAL.md
OK	4	/Users/jleechan/gemini-with-timeout.sh
OK	52	/Users/jleechan/ping_fuchsia_loop_activity.log
OK	0	/Users/jleechan/tmp_disk_check
OK	4	/Users/jleechan/serviceAccountKey-firebase.json
OK	239480	/Users/jleechan/minimax-coding-agent
OK	271380	/Users/jleechan/wa-7493-prompt
OK	0	/Users/jleechan/snapshots
OK	139212	/Users/jleechan/.paddlex
OK	4	/Users/jleechan/config
OK	6620	/Users/jleechan/autowiki
OK	4	/Users/jleechan/.netrc
OK	8	/Users/jleechan/daily_email_output.txt
OK	4	/Users/jleechan/claude_backup_test.sh
OK	476	/Users/jleechan/.codex-archive-2026-06-18
OK	255296	/Users/jleechan/ai_universe_living_blog
OK	68	/Users/jleechan/.bashrc
OK	127340	/Users/jleechan/llm_wiki_wt
OK	4	/Users/jleechan/fetch_feedback.py
OK	4	/Users/jleechan/agent-orchestrator-mirror.yaml
OK	132160	/Users/jleechan/research-wiki
OK	4	/Users/jleechan/char_create_response.json
OK	3307596	/Users/jleechan/.aside
OK	104740	/Users/jleechan/.beads.bak
OK	95304	/Users/jleechan/roadmap
OK	4	/Users/jleechan/keychain-create-loginkc.rule.backup.plist
OK	4	/Users/jleechan/.zshrc
OK	4	/Users/jleechan/.clawhub
OK	4	/Users/jleechan/test-mcp-endpoints.sh
OK	8	/Users/jleechan/.crontab_backup_20260222_102042
OK	4	/Users/jleechan/transition_to_story.json
OK	104	/Users/jleechan/.merge_train
OK	44	/Users/jleechan/agent-orchestrator.yaml
OK	112	/Users/jleechan/workspace-gateway-235a2f61-15da-4a23-af56-f2a523ba7e64
OK	60	/Users/jleechan/.bashrc.bak.2026-06-18
OK	0	/Users/jleechan/.codex-recent
OK	4	/Users/jleechan/character_creation_log.md
OK	4	/Users/jleechan/.env_secrets.sha256
OK	571564	/Users/jleechan/worldarchitect-ai-autor
OK	990044	/Users/jleechan/cmux-backups
OK	171876	/Users/jleechan/.u2net
OK	4	/Users/jleechan/briefing-2026-04-16.md
OK	4	/Users/jleechan/.monit.id
OK	0	/Users/jleechan/project_agenta
OK	8	/Users/jleechan/.ruff_cache
OK	60	/Users/jleechan/.bashrc.bak-statedir-1782014659
OK	4	/Users/jleechan/IDENTITY.md
OK	88	/Users/jleechan/google-signin-page.png
OK	83508	/Users/jleechan/dk2d_mission_backup
OK	424736	/Users/jleechan/llm-wiki-autor-phase3
OK	60	/Users/jleechan/predict_output_new_fresh.json
OK	265508	/Users/jleechan/worldarchitect.ai-wt-pr5850-nlargs
OK	4	/Users/jleechan/CHAR_CREATE_E2E.md
OK	812632	/Users/jleechan/autoresearch-main-workspace
OK	87312	/Users/jleechan/worldarchitect-bugcheck
OK	264324	/Users/jleechan/clawd
OK	6629744	/Users/jleechan/repos
OK	4	/Users/jleechan/character_review.json
OK	4	/Users/jleechan/character_scholar.md
OK	4280736	/Users/jleechan/evidence
OK	30860	/Users/jleechan/.worktrees-mirror
OK	12	/Users/jleechan/budget-burn-investigation.md
OK	132	/Users/jleechan/05-final-state-no-messages.png
OK	4	/Users/jleechan/.github_token
OK	391624	/Users/jleechan/hermes-agent-fork-backup-2026-06-28
OK	224	/Users/jleechan/.mcp_agent_mail_db
OK	487168	/Users/jleechan/.bun
OK	4	/Users/jleechan/.render
OK	1755528	/Users/jleechan/worldarchitect-main-origin
OK	4	/Users/jleechan/typescript
OK	12960	/Users/jleechan/mcp_mail-pr221
OK	4	/Users/jleechan/character_review.md
OK	0	/Users/jleechan/asar_dump
OK	0	/Users/jleechan/actions-runner-2
OK	72	/Users/jleechan/workspace
OK	341600	/Users/jleechan/.serena
OK	0	/Users/jleechan/.mcp
OK	4	/Users/jleechan/adventure_response.json
OK	394152	/Users/jleechan/mcp_mail
OK	437032	/Users/jleechan/worldarchitect-ai-autor.git
OK	4	/Users/jleechan/character_created.md
OK	164112	/Users/jleechan/.opencode
OK	4	/Users/jleechan/e2e-test-log.md
OK	4	/Users/jleechan/.profile.bak.20260712_174048
OK	24	/Users/jleechan/.mitmproxy
OK	4	/Users/jleechan/output.json
OK	0	/Users/jleechan/.claude.json.bughunter-lock
OK	461752	/Users/jleechan/node_modules
OK	4221708	/Users/jleechan/project_agento
OK	25476	/Users/jleechan/.bundle
OK	64	/Users/jleechan/.bashrc.bak.pre-tmuxmode-removal-20260712-140754
OK	3992	/Users/jleechan/error.log
OK	40	/Users/jleechan/.openclaw_prod.bak
OK	1616	/Users/jleechan/.agents
OK	140	/Users/jleechan/02-message-typed.png
OK	4	/Users/jleechan/gcp-github-actions-key.json
OK	144	/Users/jleechan/check_runs_7983.json
OK	60	/Users/jleechan/.bashrc.bak.antig_fix3
OK	454720	/Users/jleechan/.openclaw_prod
OK	4	/Users/jleechan/gog_auth_helper.sh
OK	4	/Users/jleechan/parse_status.py
OK	4	/Users/jleechan/legacy-crontab-backup-20260304_120914.txt
OK	956808	/Users/jleechan/project_ai_universe_frontend
OK	664	/Users/jleechan/.openclaw-staging
OK	5271144	/Users/jleechan/.lima
OK	144	/Users/jleechan/.devpi-server
OK	112	/Users/jleechan/issues_jsonl_worldai_claw_backup_20260309_013815.jsonl
OK	252	/Users/jleechan/ai-usage-tracker
OK	54580	/Users/jleechan/code
OK	37375540	/Users/jleechan/.colima
OK	12	/Users/jleechan/agent_prompt_pr-2437-codex-github-mention-leveling-fixes-complete-pending-task..txt
OK	4	/Users/jleechan/test-log.md
OK	10395180	/Users/jleechan/.local
OK	3116720	/Users/jleechan/.lvl-lanes
OK	4	/Users/jleechan/.crontab_backup_20260202_150900
OK	4	/Users/jleechan/.disk-usage-alert.silenced
OK	12	/Users/jleechan/.ai_orch_sessions.json
OK	11140	/Users/jleechan/.disk_magician_state
OK	0	/Users/jleechan/.antigravitycli
OK	4	/Users/jleechan/agents
OK	313580	/Users/jleechan/project_ai_universe_convo
OK	0	/Users/jleechan/.prompt-lanes
OK	260	/Users/jleechan/ralph
OK	340	/Users/jleechan/.zsh_history
OK	4	/Users/jleechan/HEARTBEAT.md
OK	132	/Users/jleechan/04-immediately-after-send.png
OK	4	/Users/jleechan/start-runner-delayed.sh
OK	12	/Users/jleechan/.agent-orchestrator.yaml.bak
OK	1490448	/Users/jleechan/claude-codex-usage
OK	0	/Users/jleechan/wiki
OK	55408	/Users/jleechan/.beads
OK	145496	/Users/jleechan/Desktop
OK	12	/Users/jleechan/ping_fuchsia_loop_runtime.log
OK	172	/Users/jleechan/.oracle
OK	4	/Users/jleechan/.npmrc
OK	284	/Users/jleechan/.matplotlib
OK	273412	/Users/jleechan/mcp_mail_recovery
OK	136	/Users/jleechan/prod-test-after-send.png
OK	2200	/Users/jleechan/issues_jsonl_original_backup_20260309_003340
OK	4	/Users/jleechan/e2e-test-output.json
OK	0	/Users/jleechan/.worldai
OK	144500	/Users/jleechan/Models
OK	558312	/Users/jleechan/.dark-factory
OK	4	/Users/jleechan/.lesshst
OK	64	/Users/jleechan/.bashrc.bak-agentf-1783898200
OK	0	/Users/jleechan/.claude.json.tmp.38695.ef80df9729dc
OK	4	/Users/jleechan/${MARKER_DIR}
OK	4	/Users/jleechan/docs
OK	4	/Users/jleechan/.erlang.cookie
OK	0	/Users/jleechan/game
OK	0	/Users/jleechan/beads.base.jsonl.main
OK	2504	/Users/jleechan/.cagent
OK	4	/Users/jleechan/.crontab_backup_20260228_114931
OK	60	/Users/jleechan/.bashrc.bak.antig_fix2
OK	668	/Users/jleechan/.tessl
OK	4	/Users/jleechan/.rgignore
OK	0	/Users/jleechan/unknown_Vadsoe
OK	25404	/Users/jleechan/worldarchitect.ai-wt-prompt-rag
OK	217984	/Users/jleechan/workspaces
OK	4	/Users/jleechan/.token.bak
OK	512896	/Users/jleechan/openclaw-repo
OK	4	/Users/jleechan/vpython
OK	20	/Users/jleechan/.autonomy_metrics.db
OK	270436	/Users/jleechan/worldarchitect.ai-wa-cost-report-fix
OK	4	/Users/jleechan/fib.py
OK	104	/Users/jleechan/airtable_form.html
OK	16	/Users/jleechan/worldarchitect-private-wiki
OK	253412	/Users/jleechan/.maestro
OK	38552	/Users/jleechan/.llm-inspector
OK	4	/Users/jleechan/claude_backup_cron.sh
OK	132	/Users/jleechan/03-message-typed-before-send.png
OK	4	/Users/jleechan/claude_backup_fix_test.sh
OK	28320	/Users/jleechan/jclaw-fix-runner-token
OK	4	/Users/jleechan/.automation_env
OK	4	/Users/jleechan/.worldarchitect-mcp-server.log
OK	18212	/Users/jleechan/merge_train
OK	180	/Users/jleechan/.worktrees-mctrl
OK	4	/Users/jleechan/story_response.json
OK	4	/Users/jleechan/fix_remove_ao.py
OK	4	/Users/jleechan/README.md
OK	14430516	/Users/jleechan/Pictures
OK	128588	/Users/jleechan/worldarchitect-public-wiki-tree-pr6252
OK	300	/Users/jleechan/dev-landing-page.png
OK	213396	/Users/jleechan/luma-scrape
OK	8	/Users/jleechan/.worldarchitect-runner
OK	2504348	/Users/jleechan/worldarchitect.ai
OK	1299464	/Users/jleechan/.cargo
OK	8	/Users/jleechan/.android
OK	8	/Users/jleechan/test_merge_k_sorted_lists.py
OK	40432	/Users/jleechan/.claude-wa
OK	116	/Users/jleechan/.cocoapods
OK	279376	/Users/jleechan/wa_tos_training
OK	24	/Users/jleechan/.gitconfig.bak-agentf-id-20260530-145056
OK	4	/Users/jleechan/.gitignore_global
OK	12	/Users/jleechan/downlods
OK	0	/Users/jleechan/predict_output.txt
OK	0	/Users/jleechan/ocr-result.txt
OK	4	/Users/jleechan/dk2d_evidence_runlane_logs
OK	4	/Users/jleechan/.cups
OK	4	/Users/jleechan/test_hello.py
OK	64	/Users/jleechan/.bashrc.bak.20260712_172712
OK	0	/Users/jleechan/beads_dir_backup_user_scope_20260309_012610
OK	587624	/Users/jleechan/.openclaw.bak.2026-06-25
OK	4	/Users/jleechan/hello.py.sha256
OK	20	/Users/jleechan/test_api_keys.py
OK	0	/Users/jleechan/n8n
OK	4	/Users/jleechan/.ao-runner.yaml
OK	4	/Users/jleechan/test_response.md
OK	24	/Users/jleechan/.bash_sessions
OK	12	/Users/jleechan/setup-github-runner.sh
OK	0	/Users/jleechan/.cloudflared
OK	8	/Users/jleechan/.worldarchitect-gha-runner
OK	0	/Users/jleechan/.swiftbar-plugins
OK	63008	/Users/jleechan/pylint-dev
OK	40	/Users/jleechan/.ccproxy
OK	7936	/Users/jleechan/.serverless
OK	904	/Users/jleechan/ref3_u-rJwPPU3QA.info.json
OK	8	/Users/jleechan/claude_usage_backup_report_20250901_140609.json
OK	242624	/Users/jleechan/worldarchitect.ai-pairv3
OK	4	/Users/jleechan/fix_remove_bad_projects.py
OK	164	/Users/jleechan/claude-login.png
OK	9621736	/Users/jleechan/.claude
OK	4	/Users/jleechan/.workstones
OK	4	/Users/jleechan/god_mode_response.json
OK	688836	/Users/jleechan/llm_wiki.worktrees
OK	0	/Users/jleechan/Public
OK	40	/Users/jleechan/MEMORY.md
OK	2992	/Users/jleechan/logs
OK	1161800	/Users/jleechan/.dropbox
OK	32	/Users/jleechan/.agent-orchestrator.yaml.bak-20260407-225204
OK	64	/Users/jleechan/.dolt
OK	36	/Users/jleechan/.bashrc.bak_codex_20260219_140443
OK	656	/Users/jleechan/.openclaw
OK	5125748	/Users/jleechan/agent-f
OK	4	/Users/jleechan/.chatgpt_codex_session_storage.json
OK	0	/Users/jleechan/.agent-orchestrator-mirror
OK	36	/Users/jleechan/.claude.json.working.backup
OK	88	/Users/jleechan/02-authenticated-chat-interface.png
OK	8	/Users/jleechan/roadmap.md
OK	305344	/Users/jleechan/pr-worktrees
OK	140	/Users/jleechan/05-final-state-empty-view.png
OK	0	/Users/jleechan/.mcp-auth
OK	116	/Users/jleechan/package-lock.json
OK	481608	/Users/jleechan/ez-gh-actions-workdir
OK	4	/Users/jleechan/package.json
OK	4	/Users/jleechan/e2e_test_results.md
OK	0	/Users/jleechan/.qdrant-initialized
OK	0	/Users/jleechan/2026-02-04
OK	4	/Users/jleechan/claude_backup_fixed.sh
OK	4	/Users/jleechan/.zshenv
OK	349028	/Users/jleechan/.agent-browser
OK	0	/Users/jleechan/.hermes_prod
OK	0	/Users/jleechan/hostedtoolcache
OK	1140	/Users/jleechan/.codex-archive-2026-06-13
OK	166248	/Users/jleechan/beads
OK	980	/Users/jleechan/ref1_hqHC6Z_lXyo.info.json
OK	4	/Users/jleechan/llm_wwiki
OK	3429636	/Users/jleechan/project_ai_universe
OK	804136	/Users/jleechan/.openclaw_prod_bak
OK	4	/Users/jleechan/final_test_output.json
OK	745072	/Users/jleechan/work
OK	0	/Users/jleechan/global-inbox-private-tmp-jleechanclaw-symphony-daemon-workspaces-lc-30
OK	592	/Users/jleechan/.claude.json.tmp.8369.1776554510459
OK	4	/Users/jleechan/.git-credentials
OK	20	/Users/jleechan/.chatgpt_codex_auth_state.json
OK	120	/Users/jleechan/pr_status_fresh.json
OK	4	/Users/jleechan/fix-self-hosted-ci.sh
OK	18544	/Users/jleechan/.mcp_agent_mail_backups
OK	8	/Users/jleechan/scripts
OK	144428	/Users/jleechan/fix
OK	436	/Users/jleechan/voyage-campaign-gist.md
OK	120	/Users/jleechan/superpowers-cloud-build-main
OK	312	/Users/jleechan/issue_comments.json
OK	4648	/Users/jleechan/.n8n
OK	300	/Users/jleechan/.cmux-backups
OK	180	/Users/jleechan/.claude-account2
OK	4	/Users/jleechan/Downlaods
OK	4	/Users/jleechan/.github
OK	44	/Users/jleechan/.bashrc.bak.20260407232244
OK	12	/Users/jleechan/openclaw-docker-staging
OK	36	/Users/jleechan/agent-browser-google.png
OK	4	/Users/jleechan/test_results.md
OK	1759068	/Users/jleechan/worktrees
OK	27424	/Users/jleechan/openclaw-thin-mcp
OK	48	/Users/jleechan/.ssh
OK	0	/Users/jleechan/.safety
OK	4	/Users/jleechan/.bashrc.backup.20250817_202821
OK	22896	/Users/jleechan/Movies
OK	26508	/Users/jleechan/.dotnet
OK	3304	/Users/jleechan/Applications
OK	21808	/Users/jleechan/qdrant
OK	83464	/Users/jleechan/pr495-cr-fix
OK	4	/Users/jleechan/.profile
OK	17676	/Users/jleechan/.disk_magician_backup
OK	147456	/Users/jleechan/.gradle
OK	249304	/Users/jleechan/django_temp
OK	4	/Users/jleechan/.crontab_backup_20260109_193623
OK	20	/Users/jleechan/.bashrc.backup.20250925_101633
OK	40	/Users/jleechan/.bashrc.bak.20260322T184314
OK	8	/Users/jleechan/.scratch_checkruns.json
OK	832460	/Users/jleechan/.peekaboo
OK	0	/Users/jleechan/Dropbox
OK	30291100	/Users/jleechan/.codex
OK	0	/Users/jleechan/.github-repo-auto-config-stdout.log
OK	4	/Users/jleechan/USER.md
OK	4	/Users/jleechan/SOUL.md.backup.20260303-103602
OK	716	/Users/jleechan/bp-telemetry-core-clone
OK	1404	/Users/jleechan/rtk
OK	0	/Users/jleechan/.Trash
OK	56	/Users/jleechan/predict_output_current.json
OK	4	/Users/jleechan/.luma-scrape
OK	8	/Users/jleechan/.optimize-anything
OK	80108	/Users/jleechan/.swes
OK	4301592	/Users/jleechan/.rustup
OK	4	/Users/jleechan/spacemolt-creds.md
OK	28	/Users/jleechan/.claw
OK	80	/Users/jleechan/review_summaries.json
OK	4	/Users/jleechan/.monit.pid
OK	4	/Users/jleechan/client_secret_785368777920-5legmjp8lce83ldv413jlsjbuumaeba4.apps.googleusercontent.com.json
OK	368	/Users/jleechan/.tmp
OK	52	/Users/jleechan/.zcompdump
OK	4	/Users/jleechan/.tailscale
OK	769784	/Users/jleechan/setup-pnpm
OK	24	/Users/jleechan/skills
OK	4	/Users/jleechan/e2e_complete.md
OK	52	/Users/jleechan/.bashrc.bak.1778907547
OK	4	/Users/jleechan/.profile.bak.20260712_172712
OK	4	/Users/jleechan/.monit.state
OK	2040	/Users/jleechan/.aider
OK	107868	/Users/jleechan/.mcp_agent_mail_git_mailbox_repo
OK	16	/Users/jleechan/AI_Bridge
OK	199468	/Users/jleechan/.claude-mem
OK	2775736	/Users/jleechan/.npm
OK	8	/Users/jleechan/....[truncated]
OK	253340	/Users/jleechan/worldarchitect.ai-story-mode
OK	4	/Users/jleechan/.homebrew
OK	8	/Users/jleechan/.terraform.d
OK	636	/Users/jleechan/jleechan_fun
OK	1349576	/Users/jleechan/Documents
OK	11727844	/Users/jleechan/projects_reference
OK	0	/Users/jleechan/venv
OK	4	/Users/jleechan/hermes
OK	27580	/Users/jleechan/project_jleechanorg
OK	4	/Users/jleechan/ping_mcp_agents_loop.sh
OK	145020	/Users/jleechan/worldarchitect-autoresearch
OK	24306848	/Users/jleechan/.gemini
OK	512	/Users/jleechan/.claude.json.backup-minimax-removal
OK	13570724	/Users/jleechan/project_worldaiclaw
OK	60	/Users/jleechan/.bashrc.bak.antig_fix
OK	1308104	/Users/jleechan/thinclaw
OK	4	/Users/jleechan/E2E-TEST.md
OK	56452	/Users/jleechan/.ai-universe
OK	4	/Users/jleechan/.token
OK	4	/Users/jleechan/.antigravityignore
OK	0	/Users/jleechan/mcp_agent_mail
OK	274024	/Users/jleechan/wa-bq-openai-stream-response-text
OK	4	/Users/jleechan/response.json
OK	140	/Users/jleechan/03-after-send-immediate.png
OK	8165504	/Users/jleechan/.ao
OK	4	/Users/jleechan/.warp
OK	4	/Users/jleechan/setup-mcp-inspector.js
OK	81884	/Users/jleechan/project_codex
OK	236	/Users/jleechan/.claude.json.tmp.19238.5e7122a5b8f3
OK	132	/Users/jleechan/01-initial-state.png
OK	271052	/Users/jleechan/wa-dev-min-instances
OK	4	/Users/jleechan/.bashrc.backup.20250817
OK	219060	/Users/jleechan/.openclaw-consensus
OK	4	/Users/jleechan/daily_email_summary.sh
OK	2780	/Users/jleechan/aiewf-cache
OK	324	/Users/jleechan/.claude.json
OK	0	/Users/jleechan/.vscode
OK	0	/Users/jleechan/levels
OK	83736	/Users/jleechan/.claude-agent-f
OK	24	/Users/jleechan/.m2
OK	0	/Users/jleechan/.gunicorn
OK	899768	/Users/jleechan/cb-demo
OK	25708	/Users/jleechan/.mem0
OK	436	/Users/jleechan/bp-telemetry-core
OK	4	/Users/jleechan/character_creation_response.json
OK	4	/Users/jleechan/.bash_profile
OK	0	/Users/jleechan/.openclaw_prod_prod
OK	4	/Users/jleechan/e2e_response.json
OK	38884	/Users/jleechan/.gem
OK	0	/Users/jleechan/.swiftpm
OK	228	/Users/jleechan/heretic-lab
OK	3566108	/Users/jleechan/jleechanclaw
OK	4	/Users/jleechan/.pm2
OK	0	/Users/jleechan/.openclaw.bak
OK	4	/Users/jleechan/e2e-test-response.json
OK	4	/Users/jleechan/.worldarchitect-ai
OK	1142220	/Users/jleechan/jleechanorg
OK	270736	/Users/jleechan/wa-pr-7558
OK	9788	/Users/jleechan/project_smartclaw
OK	4	/Users/jleechan/.aspnet
OK	4090460	/Users/jleechan/.pyenv
OK	294236	/Users/jleechan/.chrome-codex-automation
OK	4	/Users/jleechan/mcp_output
OK	1744280	/Users/jleechan/llm_wiki
OK	4	/Users/jleechan/.python_history
OK	4	/Users/jleechan/.coder_log.txt
OK	4	/Users/jleechan/game_state.json
OK	356	/Users/jleechan/pr_feedback.json
OK	2572200	/Users/jleechan/Downloads
OK	1559900	/Users/jleechan/conductor
OK	5898376	/Users/jleechan/.nvm
OK	4	/Users/jleechan/fix-self-hosted-ci-headless.sh
OK	24	/Users/jleechan/.gitconfig
OK	4	/Users/jleechan/.gitconfig-agentf
OK	4	/Users/jleechan/.pypirc
OK	649136	/Users/jleechan/tmp
OK	61192	/Users/jleechan/.agentloop
OK	584272	/Users/jleechan/.antigravity
OK	8	/Users/jleechan/character_response.json
OK	18888	/Users/jleechan/backups
OK	60	/Users/jleechan/predict_output_new.json
OK	4	/Users/jleechan/.ao-evolve-knowledge
OK	9800	/Users/jleechan/jcc-19-restore
OK	3096	/Users/jleechan/roadmap-hermes-phase8
OK	4	/Users/jleechan/.crontab_backup_20260228_114934
OK	4	/Users/jleechan/final_adventure.json
OK	2250972	/Users/jleechan/.cache
OK	356	/Users/jleechan/pr_status.json
OK	4	/Users/jleechan/mcp-inspector-setup-guide.md
OK	1109648	/Users/jleechan/.cmuxterm
OK	4	/Users/jleechan/.autohand
OK	1742960	/Users/jleechan/.ao-sessions
OK	48	/Users/jleechan/.bashrc.bak
OK	172	/Users/jleechan/.claude.json.restored_backup
OK	267896	/Users/jleechan/.ollama
OK	4	/Users/jleechan/mcp-servers-config.json
OK	40	/Users/jleechan/.bash_history
OK	436	/Users/jleechan/voyage-campaign-summary.md
OK	16	/Users/jleechan/.viminfo
OK	4	/Users/jleechan/game_response.json
OK	8	/Users/jleechan/.crontab_backup_pre_watchdog
OK	12	/Users/jleechan/.logs
OK	36	/Users/jleechan/.zsh_sessions
OK	4	/Users/jleechan/.test_hermes_tmp
OK	4	/Users/jleechan/remove_tests.py
OK	0	/Users/jleechan/predict_error.log
OK	181792	/Users/jleechan/.hermes_prod.retired-20260628-023550
OK	8	/Users/jleechan/.astropy
OK	271580	/Users/jleechan/worldarchitect.ai-wa-pr-7638
OK	984	/Users/jleechan/ref2_phchDt63qAA.info.json
OK	8	/Users/jleechan/claude_usage_backup_report_20250901_142832.json
OK	0	/Users/jleechan/entities
OK	652	/Users/jleechan/.github-repo-auto-config.log
OK	996	/Users/jleechan/.attn
OK	337344	/Users/jleechan/worldarchitect-prm6259
OK	4	/Users/jleechan/legacy-pr-monitor-cron-commented.txt
OK	16	/Users/jleechan/.worldarchitect-oss-runner
OK	56	/Users/jleechan/.bashrc.bak-claudeaf-20260530-135100
OK	1627232	/Users/jleechan/Apps
OK	4	/Users/jleechan/fetch_comments.py
OK	1820352	/Users/jleechan/project_jleechanclaw
OK	316	/Users/jleechan/mock-image-for-channel.png
OK	4	/Users/jleechan/.mcp_mail
OK	4	/Users/jleechan/.monomind
OK	172	/Users/jleechan/.claude.json.current_backup
OK	792	/Users/jleechan/.agents-archive-2026-06-19-round6
OK	0	/Users/jleechan/.claude.json.tmp.99249.2c369977b553
OK	17920	/Users/jleechan/.mctrl
OK	64048	/Users/jleechan/.chrome-automation-profile
OK	8	/Users/jleechan/WorldClaw
OK	100	/Users/jleechan/.claude.json.bak.20260620-103940
OK	208600	/Users/jleechan/project_openclaw
OK	15841028	/Users/jleechan/.hermes
OK	18694228	/Users/jleechan/.worktrees
OK	17915564	/Users/jleechan/projects_other
OK	125253808	/Users/jleechan/projects
OK	373816	/Users/jleechan/.agent-orchestrator
OK	89702360	/Users/jleechan/Library
META	SCAN_END_UTC	2026-07-16T19:31:02Z	XARGS_RC=0
META	DF_END	blocks_kb=971350180	used_kb=850019156	available_kb=77877596	capacity=92%	mount=/System/Volumes/Data
